Sunday, 3rd January 2021	11.15am	Sung Eucharist	Quire	sung by a cantor	Preacher: The Reverend Mark Birch Minor Canon and Precentor
Wednesday, 17th February 2021	12.30pm	Sung Eucharist with the Imposition of Ashes	Nave	sung by a cantor	Setting: plainsong Mass XVIII 'Deus Genitor alme'
Wednesday, 17th February 2021	12.30pm	Sung Eucharist with the Imposition of Ashes	Nave	sung by a cantor	Motets: Humfrey A Hymn to God the Father
Wednesday, 17th February 2021	12.30pm	Sung Eucharist with the Imposition of Ashes	Nave	sung by a cantor	Gibbons O Lord, in thy wrath, rebuke me not
Sunday, 7th March 2021	11.15am	Sung Eucharist	Quire	sung by a cantor	plainsong Mass XVII
Sunday, 7th March 2021	11.15am	Sung Eucharist	Quire	sung by a cantor	Handel (1675–1750) Blessed are they that considereth the poor and needy (Foundling Hospital Anthem HWV 268)
Sunday, 7th March 2021	11.15am	Sung Eucharist	Quire	sung by a cantor	Bach Benedictus (Mass in B minor BWV 232)
Sunday, 7th March 2021	11.15am	Sung Eucharist	Quire	sung by a cantor	Bach Prelude and Fugue in A minor BWV 543
Sunday, 14th March 2021	11.15am	Sung Eucharist	Quire	sung by a cantor	plainsong Mass XVII
Sunday, 14th March 2021	11.15am	Sung Eucharist	Quire	sung by a cantor	Mendelssohn O rest in the Lord (Elijah Op 70)
Sunday, 14th March 2021	11.15am	Sung Eucharist	Quire	sung by a cantor	Wesley Lead me, Lord (Praise the Lord, O my soul)
Sunday, 14th March 2021	11.15am	Sung Eucharist	Quire	sung by a cantor	Mendelssohn Con moto maestoso (Sonata in A Op 65 no 3)
Thursday, 25th March 2021	12.30pm	Sung Eucharist	Quire	sung by a cantor	plainsong Mass IX 'Cum jubilo'
Thursday, 25th March 2021	12.30pm	Sung Eucharist	Quire	sung by a cantor	Wood Magnificat
Thursday, 25th March 2021	12.30pm	Sung Eucharist	Quire	sung by a cantor	Palestrina Ave Maria
Thursday, 25th March 2021	12.30pm	Sung Eucharist	Quire	sung by a cantor	Bach Fugue on the Magnificat BWV 733
Thursday, 1st April 2021	6.00pm	Sung Eucharist	Nave	sung by Lay Vicars	Byrd Mass for three voices
Thursday, 1st April 2021	6.00pm	Sung Eucharist	Nave	sung by Lay Vicars	Hendrie Ave verum corpus
Friday, 16th April 2021	6.00pm	Sung Requiem Eucharist	Nave	sung by Lay Vicars	Preacher: The Very Reverend Dr David Hoyle Dean of Westminster
Sunday, 18th April 2021	11.15am	Sung Eucharist	Quire	sung by a cantor	plainsong Mass I 'Lux et origo'
Sunday, 18th April 2021	11.15am	Sung Eucharist	Quire	sung by a cantor	Vaughan Williams I got me flowers (Five Mystical Songs)
Sunday, 18th April 2021	11.15am	Sung Eucharist	Quire	sung by a cantor	Franck Panis angelicus
Sunday, 18th April 2021	11.15am	Sung Eucharist	Quire	sung by a cantor	Vierne Final (Symphonie I Op 14)
Sunday, 25th April 2021	3.00pm	Evensong	Quire	sung by the Lay Vicars	Sheppard Christ our paschal Lamb
Sunday, 25th April 2021	3.00pm	Evensong	Quire	sung by the Lay Vicars	Tallis Responses
Sunday, 25th April 2021	3.00pm	Evensong	Quire	sung by the Lay Vicars	Sheppard First service
Sunday, 25th April 2021	3.00pm	Evensong	Quire	sung by the Lay Vicars	Tallis Sermone blandoSchmidt Prelude and Fugue in D 'Hallelujah'
Sunday, 25th April 2021	3.00pm	Evensong	Quire	sung by the Lay Vicars	Preacher: The Reverend Dr James Hawkey Canon in Residence
Tuesday, 27th April 2021	5.00pm	Evensong	Quire		Smith Responses
Tuesday, 27th April 2021	5.00pm	Evensong	Quire		Dyson in F
Tuesday, 27th April 2021	5.00pm	Evensong	Quire		Byrd Haec dies
Saturday, 1st May 2021	3.00pm	Evensong	Quire	sung by the Choir of Westminster Abbey	Smith Responses
Saturday, 1st May 2021	3.00pm	Evensong	Quire	sung by the Choir of Westminster Abbey	Mundy Magnificat secundi toni
Saturday, 1st May 2021	3.00pm	Evensong	Quire	sung by the Choir of Westminster Abbey	Victoria Nunc dimittis tertii toni
Saturday, 1st May 2021	3.00pm	Evensong	Quire	sung by the Choir of Westminster Abbey	Viadana Exsultate justi in Domino
Saturday, 1st May 2021	3.00pm	Evensong	Quire	sung by the Choir of Westminster Abbey	Böhm Praeludium in C
Sunday, 2nd May 2021	11.15am	Sung Eucharist	Quire	sung by the Choir of Westminster Abbey	Padilla Missa Ego flos campi
Sunday, 2nd May 2021	11.15am	Sung Eucharist	Quire	sung by the Choir of Westminster Abbey	Bassano Dic nobis Maria
Sunday, 2nd May 2021	11.15am	Sung Eucharist	Quire	sung by the Choir of Westminster Abbey	Byrd O sacrum convivium
Sunday, 2nd May 2021	11.15am	Sung Eucharist	Quire	sung by the Choir of Westminster Abbey	Bach Toccata in F BWV 540i
Sunday, 2nd May 2021	3.00pm	Evensong	Quire	sung by the Choir of Westminster Abbey	Byrd Terra tremuit
Sunday, 2nd May 2021	3.00pm	Evensong	Quire	sung by the Choir of Westminster Abbey	Smith Responses
Sunday, 2nd May 2021	3.00pm	Evensong	Quire	sung by the Choir of Westminster Abbey	Wesley in E
Sunday, 2nd May 2021	3.00pm	Evensong	Quire	sung by the Choir of Westminster Abbey	Wesley Blessed be the God and Father
Sunday, 2nd May 2021	3.00pm	Evensong	Quire	sung by the Choir of Westminster Abbey	Parry Fantasia in G Op 188
Tuesday, 4th May 2021	5.00pm	Evensong	Quire	sung by the Choir of Westminster Abbey	Tomkins Responses
Tuesday, 4th May 2021	5.00pm	Evensong	Quire	sung by the Choir of Westminster Abbey	Tomkins Fifth Service
Tuesday, 4th May 2021	5.00pm	Evensong	Quire	sung by the Choir of Westminster Abbey	Tomkins My shepherd is the living Lord
Saturday, 8th May 2021	3.00pm	Evensong	Quire	sung by the Choir of Westminster Abbey	Tomkins Responses
Saturday, 8th May 2021	3.00pm	Evensong	Quire	sung by the Choir of Westminster Abbey	Sumsion in G
Saturday, 8th May 2021	3.00pm	Evensong	Quire	sung by the Choir of Westminster Abbey	Casciolini Angelus Domini
Sunday, 9th May 2021	11.15am	Sung Eucharist	Quire	sung by the Choir of Westminster Abbey	Byrd Mass for five voices
Sunday, 9th May 2021	11.15am	Sung Eucharist	Quire	sung by the Choir of Westminster Abbey	Palestrina Dextera Domini
Sunday, 9th May 2021	11.15am	Sung Eucharist	Quire	sung by the Choir of Westminster Abbey	Byrd Ave verum corpus
Sunday, 9th May 2021	11.15am	Sung Eucharist	Quire	sung by the Choir of Westminster Abbey	Buxtehude Praeludium in D BuxWV 139
Sunday, 9th May 2021	3.00pm	Evensong with the Installation of The Reverend Tricia Hillas as Canon of Westminster	Quire	sung by the Choir of Westminster Abbey	Harris Holy is the true light
Sunday, 9th May 2021	3.00pm	Evensong with the Installation of The Reverend Tricia Hillas as Canon of Westminster	Quire	sung by the Choir of Westminster Abbey	Tomkins Responses
Sunday, 9th May 2021	3.00pm	Evensong with the Installation of The Reverend Tricia Hillas as Canon of Westminster	Quire	sung by the Choir of Westminster Abbey	Howells in G
Sunday, 9th May 2021	3.00pm	Evensong with the Installation of The Reverend Tricia Hillas as Canon of Westminster	Quire	sung by the Choir of Westminster Abbey	Stanford Ye choirs of new Jerusalem
Sunday, 9th May 2021	3.00pm	Evensong with the Installation of The Reverend Tricia Hillas as Canon of Westminster	Quire	sung by the Choir of Westminster Abbey	Howells Paean
Tuesday, 11th May 2021	5.00pm	Evensong	Quire	sung by the Choir of Westminster Abbey	Morley Responses
Tuesday, 11th May 2021	5.00pm	Evensong	Quire	sung by the Choir of Westminster Abbey	Morley First Service
Tuesday, 11th May 2021	5.00pm	Evensong	Quire	sung by the Choir of Westminster Abbey	Palestrina Exaltabo te Domine
Thursday, 13th May 2021	12.30pm	Sung Eucharist	Nave	sung by a cantor	Langlais Missa in simplicitate
Thursday, 13th May 2021	12.30pm	Sung Eucharist	Nave	sung by a cantor	Bach Es will der Höchste sich ein Siegsgepräng bereiten and Ja tausend mal tausend begleiten den Wagen (Gott fähret auf mit Jauchzen BWV 43)
Thursday, 13th May 2021	12.30pm	Sung Eucharist	Nave	sung by a cantor	Bach Benedictus (Mass in B minor BWV 232)
Thursday, 13th May 2021	12.30pm	Sung Eucharist	Nave	sung by a cantor	Messiaen Transports de joie d'une âme devant la gloire du Christ qui est la sienne (L'ascension)
Saturday, 15th May 2021	3.00pm	Evensong	Quire	sung by the Choir of Westminster Abbey	Morley Responses
Saturday, 15th May 2021	3.00pm	Evensong	Quire	sung by the Choir of Westminster Abbey	Marenzio Magnificat octavi toni
Saturday, 15th May 2021	3.00pm	Evensong	Quire	sung by the Choir of Westminster Abbey	Victoria Nunc dimittis tertii toni
Saturday, 15th May 2021	3.00pm	Evensong	Quire	sung by the Choir of Westminster Abbey	Mendelssohn I waited for the Lord
Sunday, 16th May 2021	11.15am	Sung Eucharist	Quire	sung by the Choir of Westminster Abbey	Mozart Missa in C K220 ‘Spatzenmesse’
Sunday, 16th May 2021	11.15am	Sung Eucharist	Quire	sung by the Choir of Westminster Abbey	Gibbons O clap your hands together
Sunday, 16th May 2021	11.15am	Sung Eucharist	Quire	sung by the Choir of Westminster Abbey	Guerrero O sacrum convivium
Sunday, 16th May 2021	11.15am	Sung Eucharist	Quire	sung by the Choir of Westminster Abbey	Buxtehude Praeludium in C BuxWV 136
Sunday, 16th May 2021	3.00pm	Evensong	Quire	sung by the Choir of Westminster Abbey	Tallis O Lord, give thy Holy Spirit
Sunday, 16th May 2021	3.00pm	Evensong	Quire	sung by the Choir of Westminster Abbey	Rose Responses
Sunday, 16th May 2021	3.00pm	Evensong	Quire	sung by the Choir of Westminster Abbey	Walmisley in D minor
Sunday, 16th May 2021	3.00pm	Evensong	Quire	sung by the Choir of Westminster Abbey	Elgar The Spirit of the Lord
Sunday, 16th May 2021	3.00pm	Evensong	Quire	sung by the Choir of Westminster Abbey	Bairstow Allegro giocoso (Sonata in E flat)
Monday, 17th May 2021	5.00pm	Evensong with the Installation of Sir Kenneth Olisa as High Bailiff	Quire	sung by the Choir of Westminster Abbey	Byrd Responses
Monday, 17th May 2021	5.00pm	Evensong with the Installation of Sir Kenneth Olisa as High Bailiff	Quire	sung by the Choir of Westminster Abbey	Byrd Second Service
Monday, 17th May 2021	5.00pm	Evensong with the Installation of Sir Kenneth Olisa as High Bailiff	Quire	sung by the Choir of Westminster Abbey	Monteverdi Cantate Domino
Saturday, 22nd May 2021	3.00pm	First Evensong of the Day of Pentecost	Quire	sung by the Choir of Westminster Abbey	Gibbons and Barnard Responses
Saturday, 22nd May 2021	3.00pm	First Evensong of the Day of Pentecost	Quire	sung by the Choir of Westminster Abbey	Gibbons Second Service
Saturday, 22nd May 2021	3.00pm	First Evensong of the Day of Pentecost	Quire	sung by the Choir of Westminster Abbey	Tallis Loquebantur variis linguis
Saturday, 22nd May 2021	3.00pm	First Evensong of the Day of Pentecost	Quire	sung by the Choir of Westminster Abbey	Bach Komm, heiliger Geist BWV 651
Sunday, 23rd May 2021	11.15am	Sung Eucharist	Quire	sung by the Choir of Westminster Abbey	Palestrina Missa Dum complerentur
Sunday, 23rd May 2021	11.15am	Sung Eucharist	Quire	sung by the Choir of Westminster Abbey	Palestrina Dum complerentur
Sunday, 23rd May 2021	11.15am	Sung Eucharist	Quire	sung by the Choir of Westminster Abbey	Tallis O sacrum convivium
Sunday, 23rd May 2021	11.15am	Sung Eucharist	Quire	sung by the Choir of Westminster Abbey	Tournemire Fantaisie-Choral In Festo Pencostes (L'orgue mystique, Cycle de pâques Op 56)
Sunday, 23rd May 2021	3.00pm	Evensong	Quire	sung by the Choir of Westminster Abbey	Tallis Loquebantur variis linguis
Sunday, 23rd May 2021	3.00pm	Evensong	Quire	sung by the Choir of Westminster Abbey	Gibbons and Barnard Responses
Sunday, 23rd May 2021	3.00pm	Evensong	Quire	sung by the Choir of Westminster Abbey	Hooper Full Service
Sunday, 23rd May 2021	3.00pm	Evensong	Quire	sung by the Choir of Westminster Abbey	Hooper The blessed Lamb
Sunday, 23rd May 2021	3.00pm	Evensong	Quire	sung by the Choir of Westminster Abbey	Gibbons Fancy in gamut flatt
Saturday, 29th May 2021	3.00pm	First Evensong of Trinity Sunday	Quire	sung by the Lay Vicars	Tallis Responses
Saturday, 29th May 2021	3.00pm	First Evensong of Trinity Sunday	Quire	sung by the Lay Vicars	Morales Magnificat quinti toni
Saturday, 29th May 2021	3.00pm	First Evensong of Trinity Sunday	Quire	sung by the Lay Vicars	Morago Nunc dimittis
Saturday, 29th May 2021	3.00pm	First Evensong of Trinity Sunday	Quire	sung by the Lay Vicars	Tallis Honor virtus et potestas
Saturday, 29th May 2021	3.00pm	First Evensong of Trinity Sunday	Quire	sung by the Lay Vicars	Bach Wir glauben all' an einen Gott BWV 680
Sunday, 30th May 2021	11.15am	Sung Eucharist	Quire	sung by the Lay Vicars	Sheppard Frences Mass
Sunday, 30th May 2021	11.15am	Sung Eucharist	Quire	sung by the Lay Vicars	Byrd O lux beata Trinitas
Sunday, 30th May 2021	11.15am	Sung Eucharist	Quire	sung by the Lay Vicars	Lobo O quam suavis est Domine
Sunday, 30th May 2021	11.15am	Sung Eucharist	Quire	sung by the Lay Vicars	Bach Fugue in E flat BWV 552ii
Sunday, 30th May 2021	3.00pm	Evensong	Quire	sung by the Lay Vicars	Hildegard Laus Trinitati
Sunday, 30th May 2021	3.00pm	Evensong	Quire	sung by the Lay Vicars	Tallis Responses
Sunday, 30th May 2021	3.00pm	Evensong	Quire	sung by the Lay Vicars	Mundy Magnificat and Nunc dimittis in three parts
Sunday, 30th May 2021	3.00pm	Evensong	Quire	sung by the Lay Vicars	Sheppard Libera nos, salva nos
Tuesday, 1st June 2021	5.00pm	Evensong	Quire	sung by the Lay Vicars	plainsong Responses
Tuesday, 1st June 2021	5.00pm	Evensong	Quire	sung by the Lay Vicars	Moore First Service
Tuesday, 1st June 2021	5.00pm	Evensong	Quire	sung by the Lay Vicars	Ives In pace in idipsum
Thursday, 3rd June 2021	12.30pm	Sung Eucharist	Quire	sung by a cantor	plainsong Missa De angelis
Thursday, 3rd June 2021	12.30pm	Sung Eucharist	Quire	sung by a cantor	Britten Corpus Christi Carol
Thursday, 3rd June 2021	12.30pm	Sung Eucharist	Quire	sung by a cantor	Sabino O sacrum convivium
Thursday, 3rd June 2021	12.30pm	Sung Eucharist	Quire	sung by a cantor	Bach Prelude and Fugue in A BWV 536
Saturday, 5th June 2021	3.00pm	Evensong	Quire	sung by the Lay Vicars	Byrd and Quinney Responses
Saturday, 5th June 2021	3.00pm	Evensong	Quire	sung by the Lay Vicars	Anerio Magnificat octavi toni
Saturday, 5th June 2021	3.00pm	Evensong	Quire	sung by the Lay Vicars	Lassus Nunc dimittis tertii toni
Saturday, 5th June 2021	3.00pm	Evensong	Quire	sung by the Lay Vicars	Gabrieli O sacrum convivium
Saturday, 5th June 2021	3.00pm	Evensong	Quire	sung by the Lay Vicars	Byrd Fantasia in D minor
Sunday, 6th June 2021	11.15am	Sung Eucharist	Quire	sung by the Choir of Westminster Abbey	Langlais Messe solennelle
Sunday, 6th June 2021	11.15am	Sung Eucharist	Quire	sung by the Choir of Westminster Abbey	Philips Tibi laus, tibi gloria
Sunday, 6th June 2021	11.15am	Sung Eucharist	Quire	sung by the Choir of Westminster Abbey	Monteverdi Adoramus te Christe
Sunday, 6th June 2021	11.15am	Sung Eucharist	Quire	sung by the Choir of Westminster Abbey	Langlais Fête
Sunday, 6th June 2021	3.00pm	Evensong	Quire	sung by the Choir of Westminster Abbey	Tallis If ye love me
Sunday, 6th June 2021	3.00pm	Evensong	Quire	sung by the Choir of Westminster Abbey	Radcliffe Responses
Sunday, 6th June 2021	3.00pm	Evensong	Quire	sung by the Choir of Westminster Abbey	Leighton Magdalen College Service
Sunday, 6th June 2021	3.00pm	Evensong	Quire	sung by the Choir of Westminster Abbey	Vaughan Williams O clap your hands
Sunday, 6th June 2021	3.00pm	Evensong	Quire	sung by the Choir of Westminster Abbey	Whitlock Hymn Prelude on 'Deo Gracias'
Monday, 7th June 2021	5.00pm	Evensong	Quire	sung by the Choristers	plainsong Responses
Monday, 7th June 2021	5.00pm	Evensong	Quire	sung by the Choristers	Moore Second Service
Monday, 7th June 2021	5.00pm	Evensong	Quire	sung by the Choristers	Mendelssohn If with all your hearts
Tuesday, 8th June 2021	5.00pm	Evensong	Quire	sung by the Choir of Westminster Abbey	Radcliffe Responses
Tuesday, 8th June 2021	5.00pm	Evensong	Quire	sung by the Choir of Westminster Abbey	Weelkes Service 'for trebles'
Tuesday, 8th June 2021	5.00pm	Evensong	Quire	sung by the Choir of Westminster Abbey	Britten A Hymn of St Columba
Thursday, 10th June 2021	5.00pm	Evensong	Quire	sung by the Choir of Westminster Abbey	Radcliffe Responses
Thursday, 10th June 2021	5.00pm	Evensong	Quire	sung by the Choir of Westminster Abbey	Dyson in F
Thursday, 10th June 2021	5.00pm	Evensong	Quire	sung by the Choir of Westminster Abbey	Byrd Prevent us, O Lord
Saturday, 12th June 2021	3.00pm	Evensong	Quire	sung by the Choir of Westminster Abbey	Ayleward Responses
Saturday, 12th June 2021	3.00pm	Evensong	Quire	sung by the Choir of Westminster Abbey	Palestrina Magnificat quarti toni
Saturday, 12th June 2021	3.00pm	Evensong	Quire	sung by the Choir of Westminster Abbey	Victoria Nunc dimittis tertii toni
Saturday, 12th June 2021	3.00pm	Evensong	Quire	sung by the Choir of Westminster Abbey	Gibbons See, see the Word is incarnate
Saturday, 12th June 2021	3.00pm	Evensong	Quire	sung by the Choir of Westminster Abbey	Frescobaldi Toccata prima
Sunday, 13th June 2021	11.15am	Sung Eucharist	Quire	sung by the Choir of Westminster Abbey	Rheinberger Mass in E flat
Sunday, 13th June 2021	11.15am	Sung Eucharist	Quire	sung by the Choir of Westminster Abbey	Schütz Jauchzet dem Herren
Sunday, 13th June 2021	11.15am	Sung Eucharist	Quire	sung by the Choir of Westminster Abbey	Croce In spiritu humilitatis
Sunday, 13th June 2021	11.15am	Sung Eucharist	Quire	sung by the Choir of Westminster Abbey	Rheinberger Prelude and Fugue in E minor (Sonata VIII)
Sunday, 13th June 2021	3.00pm	Evensong	Quire	sung by the Choir of Westminster Abbey	Clucas Keep me as the apple of an eye
Sunday, 13th June 2021	3.00pm	Evensong	Quire	sung by the Choir of Westminster Abbey	Ayleward Responses
Sunday, 13th June 2021	3.00pm	Evensong	Quire	sung by the Choir of Westminster Abbey	Howells Collegium Regale
Sunday, 13th June 2021	3.00pm	Evensong	Quire	sung by the Choir of Westminster Abbey	Stainer I saw the Lord
Sunday, 13th June 2021	3.00pm	Evensong	Quire	sung by the Choir of Westminster Abbey	Widor Intermezzo (Symphonie VI)
Monday, 14th June 2021	5.00pm	Evensong	Quire	sung by the Lay Vicars	plainsong Responses
Monday, 14th June 2021	5.00pm	Evensong	Quire	sung by the Lay Vicars	Dunstable Magnificat secundi toni 
Monday, 14th June 2021	5.00pm	Evensong	Quire	sung by the Lay Vicars	Reid Nunc dimittis tertii toni
Monday, 14th June 2021	5.00pm	Evensong	Quire	sung by the Lay Vicars	Byrd Beati mundo corde
Tuesday, 15th June 2021	5.00pm	Evensong	Quire	sung by the Choir of Westminster Abbey	Ayleward Responses
Tuesday, 15th June 2021	5.00pm	Evensong	Quire	sung by the Choir of Westminster Abbey	Purcell in B flat
Tuesday, 15th June 2021	5.00pm	Evensong	Quire	sung by the Choir of Westminster Abbey	Blow Salvator mundi
Thursday, 17th June 2021	5.00pm	Evensong	Quire	sung by the Choir of Westminster Abbey	Ayleward Responses
Thursday, 17th June 2021	5.00pm	Evensong	Quire	sung by the Choir of Westminster Abbey	Wood in E flat No 2
Thursday, 17th June 2021	5.00pm	Evensong	Quire	sung by the Choir of Westminster Abbey	Stanford O for a closer walk with God
Saturday, 19th June 2021	3.00pm	Evensong	Quire	sung by the Choir of Westminster Abbey	Martin Responses
Saturday, 19th June 2021	3.00pm	Evensong	Quire	sung by the Choir of Westminster Abbey	Victoria Magnificat primi toni a 4
Saturday, 19th June 2021	3.00pm	Evensong	Quire	sung by the Choir of Westminster Abbey	Victoria Nunc dimittis tertii toni
Saturday, 19th June 2021	3.00pm	Evensong	Quire	sung by the Choir of Westminster Abbey	Weelkes Gloria in excelsis Deo
Saturday, 19th June 2021	3.00pm	Evensong	Quire	sung by the Choir of Westminster Abbey	Bach Prelude and Fugue in D minor BWV 539
Sunday, 20th June 2021	11.15am	Sung Eucharist	Quire	sung by the Choir of Westminster Abbey	Vaughan Williams Mass in G minor
Sunday, 20th June 2021	11.15am	Sung Eucharist	Quire	sung by the Choir of Westminster Abbey	Vaughan Williams Antiphon
Sunday, 20th June 2021	11.15am	Sung Eucharist	Quire	sung by the Choir of Westminster Abbey	Vaughan Williams O taste and see
Sunday, 20th June 2021	11.15am	Sung Eucharist	Quire	sung by the Choir of Westminster Abbey	Vaughan Williams Prelude and Fugue in C minor
Sunday, 20th June 2021	3.00pm	Evensong	Quire	sung by the Choir of Westminster Abbey	Tallis In manus tuas Domine
Sunday, 20th June 2021	3.00pm	Evensong	Quire	sung by the Choir of Westminster Abbey	Martin Responses
Sunday, 20th June 2021	3.00pm	Evensong	Quire	sung by the Choir of Westminster Abbey	Mundy Magnificat and Nunc dimittis in medio chori
Sunday, 20th June 2021	3.00pm	Evensong	Quire	sung by the Choir of Westminster Abbey	Harris Faire is the heaven
Sunday, 20th June 2021	3.00pm	Evensong	Quire	sung by the Choir of Westminster Abbey	Harris Moderato con moto (Sonata in A minor)
Tuesday, 22nd June 2021	5.00pm	Evensong	Quire	sung by the Choir of Westminster Abbey	Martin Responses
Tuesday, 22nd June 2021	5.00pm	Evensong	Quire	sung by the Choir of Westminster Abbey	Wise in E flat
Tuesday, 22nd June 2021	5.00pm	Evensong	Quire	sung by the Choir of Westminster Abbey	Purcell Jehovah quam multi sunt hostes mei
Thursday, 24th June 2021	5.00pm	Evensong	Quire	sung by the Choir of Westminster Abbey	Martin Responses
Thursday, 24th June 2021	5.00pm	Evensong	Quire	sung by the Choir of Westminster Abbey	Brewer in D
Thursday, 24th June 2021	5.00pm	Evensong	Quire	sung by the Choir of Westminster Abbey	Stanford Beati quorum via integra est
Saturday, 26th June 2021	3.00pm	Evensong	Quire	sung by the Choir of Westminster Abbey	Leighton Responses
Saturday, 26th June 2021	3.00pm	Evensong	Quire	sung by the Choir of Westminster Abbey	Stanford in C
Saturday, 26th June 2021	3.00pm	Evensong	Quire	sung by the Choir of Westminster Abbey	Berkeley The Lord is my shepherd
Saturday, 26th June 2021	3.00pm	Evensong	Quire	sung by the Choir of Westminster Abbey	Franck Pastorale Op 19
Sunday, 27th June 2021	11.15am	Sung Eucharist with Confirmation	Quire	sung by the Choir of Westminster Abbey	Dove Missa brevis
Sunday, 27th June 2021	11.15am	Sung Eucharist with Confirmation	Quire	sung by the Choir of Westminster Abbey	Bairstow Let all mortal flesh keep silence
Sunday, 27th June 2021	11.15am	Sung Eucharist with Confirmation	Quire	sung by the Choir of Westminster Abbey	Rossini O salutaris hostia
Sunday, 27th June 2021	11.15am	Sung Eucharist with Confirmation	Quire	sung by the Choir of Westminster Abbey	Vierne Final (Symphonie III)
Sunday, 27th June 2021	3.00pm	Evensong	Quire	sung by the Choir of Westminster Abbey	Bairstow I sat down under his shadow
Sunday, 27th June 2021	3.00pm	Evensong	Quire	sung by the Choir of Westminster Abbey	Leighton Responses
Sunday, 27th June 2021	3.00pm	Evensong	Quire	sung by the Choir of Westminster Abbey	Leighton Second Service
Sunday, 27th June 2021	3.00pm	Evensong	Quire	sung by the Choir of Westminster Abbey	Bairstow Blessed city, heavenly Salem
Sunday, 27th June 2021	3.00pm	Evensong	Quire	sung by the Choir of Westminster Abbey	Bowen Fantasia in G minor Op 136
Monday, 28th June 2021	5.00pm	First Evensong of St Peter	Quire	sung by the Lay Vicars	plainsong Responses
Monday, 28th June 2021	5.00pm	First Evensong of St Peter	Quire	sung by the Lay Vicars	Soriano Magnificat primi toni
Monday, 28th June 2021	5.00pm	First Evensong of St Peter	Quire	sung by the Lay Vicars	Quinney Nunc dimittis tertii toni
Monday, 28th June 2021	5.00pm	First Evensong of St Peter	Quire	sung by the Lay Vicars	Byrd Tu es Petrus
Tuesday, 29th June 2021	5.00pm	Sung Eucharist	Quire	sung by the Choir of Westminster Abbey	Byrd Mass for five voices
Tuesday, 29th June 2021	5.00pm	Sung Eucharist	Quire	sung by the Choir of Westminster Abbey	Palestrina Tu es Petrus
Tuesday, 29th June 2021	5.00pm	Sung Eucharist	Quire	sung by the Choir of Westminster Abbey	Byrd Ave verum corpus
Tuesday, 29th June 2021	5.00pm	Sung Eucharist	Quire	sung by the Choir of Westminster Abbey	Bach Prelude and Fugue in C BWV 545
Thursday, 1st July 2021	5.00pm	Evensong	Quire	sung by the Lay Vicars	plainsong Responses
Thursday, 1st July 2021	5.00pm	Evensong	Quire	sung by the Lay Vicars	Tallis Short Service
Thursday, 1st July 2021	5.00pm	Evensong	Quire	sung by the Lay Vicars	Mundy O Lord, the maker of all thing
Saturday, 3rd July 2021	3.00pm	Evensong	Quire	sung by the Choir of Westminster Abbey	Leighton Responses
Saturday, 3rd July 2021	3.00pm	Evensong	Quire	sung by the Choir of Westminster Abbey	Palestrina Magnificat primi toni a 8
Saturday, 3rd July 2021	3.00pm	Evensong	Quire	sung by the Choir of Westminster Abbey	Wood Nunc dimittis in B flat
Saturday, 3rd July 2021	3.00pm	Evensong	Quire	sung by the Choir of Westminster Abbey	Gibbons Lord, grant grace, we humbly beseech thee
Saturday, 3rd July 2021	3.00pm	Evensong	Quire	sung by the Choir of Westminster Abbey	Byrd Fantasia in G
Sunday, 4th July 2021	11.15am	Sung Eucharist	Quire	sung by the Choir of Westminster Abbey	Tye Missa Euge bone
Sunday, 4th July 2021	11.15am	Sung Eucharist	Quire	sung by the Choir of Westminster Abbey	Gabrieli Jubilate Deo a 8
Sunday, 4th July 2021	11.15am	Sung Eucharist	Quire	sung by the Choir of Westminster Abbey	Lobo O quam suavis
Sunday, 4th July 2021	11.15am	Sung Eucharist	Quire	sung by the Choir of Westminster Abbey	Buxtehude Praeludium in D BuxWV 139
Sunday, 4th July 2021	3.00pm	Evensong	Quire	sung by the Choir of Westminster Abbey	Bairstow Jesu, the very thought of thee
Sunday, 4th July 2021	3.00pm	Evensong	Quire	sung by the Choir of Westminster Abbey	Howells St Paul's Service
Sunday, 4th July 2021	3.00pm	Evensong	Quire	sung by the Choir of Westminster Abbey	Elgar Great is the Lord
Sunday, 4th July 2021	3.00pm	Evensong	Quire	sung by the Choir of Westminster Abbey	Elgar Presto (Sonata in G Op 28)
Monday, 5th July 2021	5.00pm	Evensong	Quire	sung by the Choristers	plainsong Lucis Creator optime
Monday, 5th July 2021	5.00pm	Evensong	Quire	sung by the Choristers	plainsong Responses
Monday, 5th July 2021	5.00pm	Evensong	Quire	sung by the Choristers	Martin Westminster Service
Monday, 5th July 2021	5.00pm	Evensong	Quire	sung by the Choristers	Berkeley O that I once past changing were
Tuesday, 6th July 2021	5.00pm	Evensong	Quire	sung by the Choir of Westminster Abbey	Farrant Lord for thy tender mercy's sake
Tuesday, 6th July 2021	5.00pm	Evensong	Quire	sung by the Choir of Westminster Abbey	Tomkins Responses
Tuesday, 6th July 2021	5.00pm	Evensong	Quire	sung by the Choir of Westminster Abbey	Tomkins Fourth Service
Tuesday, 6th July 2021	5.00pm	Evensong	Quire	sung by the Choir of Westminster Abbey	Tomkins O sing unto the Lord
Thursday, 8th July 2021	5.00pm	Evensong	Quire	sung by the Choir of Westminster Abbey	Farrant Lord, for thy tender mercy's sake
Thursday, 8th July 2021	5.00pm	Evensong	Quire	sung by the Choir of Westminster Abbey	Byrd Responses
Thursday, 8th July 2021	5.00pm	Evensong	Quire	sung by the Choir of Westminster Abbey	Stanford in B flat
Thursday, 8th July 2021	5.00pm	Evensong	Quire	sung by the Choir of Westminster Abbey	Purcell O Lord God of hosts
Friday, 9th July 2021	5.00pm	Evensong	Quire	sung by the Choir of Westminster Abbey	Farrant Lord, for thy tender mercy's sake
Friday, 9th July 2021	5.00pm	Evensong	Quire	sung by the Choir of Westminster Abbey	Smith Responses
Friday, 9th July 2021	5.00pm	Evensong	Quire	sung by the Choir of Westminster Abbey	Gray in F minor
Friday, 9th July 2021	5.00pm	Evensong	Quire	sung by the Choir of Westminster Abbey	Harris Bring us, O Lord God
Saturday, 10th July 2021	3.00pm	Evensong	Quire	sung by the Choir of Westminster Abbey	Purcell Hear my prayer, O Lord
Saturday, 10th July 2021	3.00pm	Evensong	Quire	sung by the Choir of Westminster Abbey	Rose Responses
Saturday, 10th July 2021	3.00pm	Evensong	Quire	sung by the Choir of Westminster Abbey	Stanford in A
Saturday, 10th July 2021	3.00pm	Evensong	Quire	sung by the Choir of Westminster Abbey	Howells Like as the hart
Saturday, 10th July 2021	3.00pm	Evensong	Quire	sung by the Choir of Westminster Abbey	Elgar Allegro maestoso (Sonata in G Op 28)
Sunday, 11th July 2021	11.15am	Sung Eucharist	Quire		Vierne Messe solennelle
Sunday, 11th July 2021	11.15am	Sung Eucharist	Quire		Parry I was glad
Sunday, 11th July 2021	11.15am	Sung Eucharist	Quire		Tippett Steal away
Sunday, 11th July 2021	11.15am	Sung Eucharist	Quire		Widor Toccata (Symphonie V Op 42 no 1)
Sunday, 11th July 2021	3.00pm	Evensong with Valediction of Choristers	Quire		Purcell Hear my prayer, O Lord
Sunday, 11th July 2021	3.00pm	Evensong with Valediction of Choristers	Quire		Rose Responses
Sunday, 11th July 2021	3.00pm	Evensong with Valediction of Choristers	Quire		Howells Gloucester Service
Sunday, 11th July 2021	3.00pm	Evensong with Valediction of Choristers	Quire		Parry Blest pair of sirens
Sunday, 11th July 2021	3.00pm	Evensong with Valediction of Choristers	Quire		Walton, arr Murrill Coronation March: Crown Imperial
Sunday, 18th July 2021	11.15am	Sung Eucharist	Quire	sung by the Choir of Queens' College, Cambridge	Byrd Mass for four voices
Sunday, 18th July 2021	11.15am	Sung Eucharist	Quire	sung by the Choir of Queens' College, Cambridge	Duruflé Tantum ergo sacramentum
Sunday, 18th July 2021	11.15am	Sung Eucharist	Quire	sung by the Choir of Queens' College, Cambridge	Bach Prelude and Fugue in G BWV 541
Sunday, 18th July 2021	3.00pm	Evensong	Quire	sung by the Choir of Queens' College, Cambridge	Rose Responses
Sunday, 18th July 2021	3.00pm	Evensong	Quire	sung by the Choir of Queens' College, Cambridge	Stanford in A
Sunday, 18th July 2021	3.00pm	Evensong	Quire	sung by the Choir of Queens' College, Cambridge	Harris Faire is the heaven
Sunday, 18th July 2021	3.00pm	Evensong	Quire	sung by the Choir of Queens' College, Cambridge	Widor Praeludium circulare: andantino (Symphonie II in D Op 13 no 2)
Tuesday, 20th July 2021	5.00pm	Evensong	St Margaret's Church	sung by the St Margaret's Consort	Victoria O quam gloriosum est regnum
Tuesday, 20th July 2021	5.00pm	Evensong	St Margaret's Church	sung by the St Margaret's Consort	Clucas Responses
Tuesday, 20th July 2021	5.00pm	Evensong	St Margaret's Church	sung by the St Margaret's Consort	Stanford in C
Tuesday, 20th July 2021	5.00pm	Evensong	St Margaret's Church	sung by the St Margaret's Consort	Vaughan Williams Valiant-for-Truth
Tuesday, 20th July 2021	5.00pm	Evensong	St Margaret's Church	sung by the St Margaret's Consort	Widor Finale (Symphonie II in D Op 13 no 2)
Friday, 23rd July 2021	5.00pm	Evensong	Quire	sung by the Lacock Scholars	Smith Responses
Friday, 23rd July 2021	5.00pm	Evensong	Quire	sung by the Lacock Scholars	Parsons First Service
Friday, 23rd July 2021	5.00pm	Evensong	Quire	sung by the Lacock Scholars	Weelkes When David heard that Absalom was slain
Friday, 23rd July 2021	6.30pm	Sung Eucharist of Our Lady of Pew	Quire	sung by the Lacock Scholars	Palestrina Missa Ave Regina caelorum
Friday, 23rd July 2021	6.30pm	Sung Eucharist of Our Lady of Pew	Quire	sung by the Lacock Scholars	Aichinger Regina caeli a 4
Friday, 23rd July 2021	6.30pm	Sung Eucharist of Our Lady of Pew	Quire	sung by the Lacock Scholars	Palestrina Ave Maria
Friday, 23rd July 2021	6.30pm	Sung Eucharist of Our Lady of Pew	Quire	sung by the Lacock Scholars	Lassus Ave regina caelorum a 6
Friday, 23rd July 2021	6.30pm	Sung Eucharist of Our Lady of Pew	Quire	sung by the Lacock Scholars	Victoria Beata es virgo Maria
Friday, 23rd July 2021	6.30pm	Sung Eucharist of Our Lady of Pew	Quire	sung by the Lacock Scholars	Palestrina Regina caeli a 8
Friday, 23rd July 2021	6.30pm	Sung Eucharist of Our Lady of Pew	Quire	sung by the Lacock Scholars	Widor Toccata (Symphonie V in F Op 42 no 1)
Saturday, 24th July 2021	5.00pm	Evensong	Quire	sung by Khoros	Byrd Responses
Saturday, 24th July 2021	5.00pm	Evensong	Quire	sung by Khoros	Wood in E flat No 2
Saturday, 24th July 2021	5.00pm	Evensong	Quire	sung by Khoros	Randall The Call
Saturday, 24th July 2021	5.00pm	Evensong	Quire	sung by Khoros	Mendelssohn Allegro maestoso e vivace (Sonata in B flat Op 65 no 4)
Sunday, 25th July 2021	11.15am	Sung Eucharist	Quire	sung by the Elysian Singers	Berkeley Missa brevis
Sunday, 25th July 2021	11.15am	Sung Eucharist	Quire	sung by the Elysian Singers	Gibbons Almighty and everlasting God
Sunday, 25th July 2021	11.15am	Sung Eucharist	Quire	sung by the Elysian Singers	Parry Fantasia in G Op 188i
Sunday, 25th July 2021	3.00pm	Evensong	Quire	sung by the Elysian Singers	Ayleward Responses
Sunday, 25th July 2021	3.00pm	Evensong	Quire	sung by the Elysian Singers	Howells St Paul's Service
Sunday, 25th July 2021	3.00pm	Evensong	Quire	sung by the Elysian Singers	Gardiner Evening Hymn
Sunday, 25th July 2021	3.00pm	Evensong	Quire	sung by the Elysian Singers	Howells Paean
Friday, 30th July 2021	5.00pm	Evensong	Quire	sung by Hesperos	Smith Responses
Friday, 30th July 2021	5.00pm	Evensong	Quire	sung by Hesperos	Gibbons Short Service
Friday, 30th July 2021	5.00pm	Evensong	Quire	sung by Hesperos	Dunphy Mourning into Dancing
Saturday, 31st July 2021	5.00pm	Evensong	Quire	sung by the Rodolfus Choir	Ayleward Responses
Saturday, 31st July 2021	5.00pm	Evensong	Quire	sung by the Rodolfus Choir	Stanford in A
Saturday, 31st July 2021	5.00pm	Evensong	Quire	sung by the Rodolfus Choir	Bruckner Os justi
Saturday, 31st July 2021	5.00pm	Evensong	Quire	sung by the Rodolfus Choir	Stanford Postlude in D minor Op 105 no 6
Sunday, 1st August 2021	11.15am	Sung Eucharist	Quire	sung by the King Charles Singers	Palestrina Missa brevis
Sunday, 1st August 2021	11.15am	Sung Eucharist	Quire	sung by the King Charles Singers	Vaughan Williams O taste and see
Sunday, 1st August 2021	11.15am	Sung Eucharist	Quire	sung by the King Charles Singers	Bach Fugue in B minor BWV 579
Sunday, 1st August 2021	3.00pm	Evensong	Quire	sung by the King Charles Singers	Clucas Responses
Sunday, 1st August 2021	3.00pm	Evensong	Quire	sung by the King Charles Singers	Sumsion in A
Sunday, 1st August 2021	3.00pm	Evensong	Quire	sung by the King Charles Singers	Howells O pray for the peace of Jerusalem
Sunday, 1st August 2021	3.00pm	Evensong	Quire	sung by the King Charles Singers	McDowall Church bells beyond the stars
Friday, 6th August 2021	5.00pm	Evensong	Quire	sung by the Beaufort Chorale	Rose Responses
Friday, 6th August 2021	5.00pm	Evensong	Quire	sung by the Beaufort Chorale	Dyson in F
Friday, 6th August 2021	5.00pm	Evensong	Quire	sung by the Beaufort Chorale	Wesley Thou wilt keep him in perfect peace
Saturday, 7th August 2021	5.00pm	Evensong	Quire	sung by Cantica Viva	Clucas Responses
Saturday, 7th August 2021	5.00pm	Evensong	Quire	sung by Cantica Viva	Howells St Paul’s Service
Saturday, 7th August 2021	5.00pm	Evensong	Quire	sung by Cantica Viva	Bainton And I saw a new heaven
Saturday, 7th August 2021	5.00pm	Evensong	Quire	sung by Cantica Viva	Howells Saraband (in modo elegiaco)
Sunday, 8th August 2021	11.15am	Sung Eucharist	Quire	Sung by St James’s Church Choir, Parish of Bushey	Darke in F
Sunday, 8th August 2021	11.15am	Sung Eucharist	Quire	Sung by St James’s Church Choir, Parish of Bushey	Byrd Ave verum corpus
Sunday, 8th August 2021	11.15am	Sung Eucharist	Quire	Sung by St James’s Church Choir, Parish of Bushey	Bach Pièce d'orgue BWV 572
Sunday, 8th August 2021	3.00pm	Evensong	Quire	Sung by St James’s Church Choir, Parish of Bushey	Rose Responses
Sunday, 8th August 2021	3.00pm	Evensong	Quire	Sung by St James’s Church Choir, Parish of Bushey	Brewer in D
Sunday, 8th August 2021	3.00pm	Evensong	Quire	Sung by St James’s Church Choir, Parish of Bushey	Stanford Ye choirs of new Jerusalem
Sunday, 8th August 2021	3.00pm	Evensong	Quire	Sung by St James’s Church Choir, Parish of Bushey	Harris Flourish for an Occasion
Friday, 13th August 2021	5.00pm	Evensong	Quire	sung by the Lewes Singers	Rose Responses
Friday, 13th August 2021	5.00pm	Evensong	Quire	sung by the Lewes Singers	Wood in D
Friday, 13th August 2021	5.00pm	Evensong	Quire	sung by the Lewes Singers	Purcell Thou knowest, Lord
Saturday, 14th August 2021	5.00pm	Evensong	Quire	sung by the Lewes Singers	Rose Responses
Saturday, 14th August 2021	5.00pm	Evensong	Quire	sung by the Lewes Singers	Leighton Second Service
Saturday, 14th August 2021	5.00pm	Evensong	Quire	sung by the Lewes Singers	Ireland Greater Love Hath No Man
Sunday, 15th August 2021	11.15am	Sung Eucharist	Quire	sung by the choir of St Mark’s, Hamilton Terrace	Kodály Missa brevis
Sunday, 15th August 2021	11.15am	Sung Eucharist	Quire	sung by the choir of St Mark’s, Hamilton Terrace	Gjeilo Ubi caritas et amor
Sunday, 15th August 2021	3.00pm	Evensong	Quire	sung by the choir of St Mark’s, Hamilton Terrace	Rose Responses
Sunday, 15th August 2021	3.00pm	Evensong	Quire	sung by the choir of St Mark’s, Hamilton Terrace	Dyson in D
Sunday, 15th August 2021	3.00pm	Evensong	Quire	sung by the choir of St Mark’s, Hamilton Terrace	Brahms Geistliches Lied
Friday, 20th August 2021	5.00pm	Evensong	Quire	sung by the Holst Singers	Smith Responses
Friday, 20th August 2021	5.00pm	Evensong	Quire	sung by the Holst Singers	Stanford in C
Friday, 20th August 2021	5.00pm	Evensong	Quire	sung by the Holst Singers	Gardiner Evening Hymn
Saturday, 21st August 2021	5.00pm	Evensong	Quire	sung by the Tudeley Singers	Radcliffe Responses
Saturday, 21st August 2021	5.00pm	Evensong	Quire	sung by the Tudeley Singers	Howells Collegium Regale
Saturday, 21st August 2021	5.00pm	Evensong	Quire	sung by the Tudeley Singers	Bruckner Ave Maria
Sunday, 22nd August 2021	11.15am	Sung Eucharist	Quire	sung by the Choir of St Luke, Chelsea	Darke Communion Service in A minor
Sunday, 22nd August 2021	11.15am	Sung Eucharist	Quire	sung by the Choir of St Luke, Chelsea	Elgar Ave verum corpus
Sunday, 22nd August 2021	3.00pm	Evensong	Quire	sung by the Choir of St Luke, Chelsea	Clucas Resposes
Sunday, 22nd August 2021	3.00pm	Evensong	Quire	sung by the Choir of St Luke, Chelsea	Lloyd St Hild Service
Sunday, 22nd August 2021	3.00pm	Evensong	Quire	sung by the Choir of St Luke, Chelsea	Steggall Remember now thy Creator
Friday, 27th August 2021	5.00pm	Evensong	Quire	sung by the Caedmon Singers	Williams Responses
Friday, 27th August 2021	5.00pm	Evensong	Quire	sung by the Caedmon Singers	Howells in E
Friday, 27th August 2021	5.00pm	Evensong	Quire	sung by the Caedmon Singers	Andriessen O quam amabilis
Saturday, 28th August 2021	5.00pm	Evensong	Quire	sung by Consort SW1	Radcliffe Responses
Saturday, 28th August 2021	5.00pm	Evensong	Quire	sung by Consort SW1	Howells Gloucester Service
Saturday, 28th August 2021	5.00pm	Evensong	Quire	sung by Consort SW1	Rheinberger Abendlied
Saturday, 28th August 2021	5.00pm	Evensong	Quire	sung by Consort SW1	Rheinberger Intermezzo (Sonata VIII Op 132)
Sunday, 29th August 2021	11.15am	Sung Eucharist	Quire	sung by Consort SW1	Byrd Mass for four voices
Sunday, 29th August 2021	11.15am	Sung Eucharist	Quire	sung by Consort SW1	Parsons Ave Maria
Sunday, 29th August 2021	11.15am	Sung Eucharist	Quire	sung by Consort SW1	Sweelinck Toccata in C
Sunday, 29th August 2021	3.00pm	Evensong	Quire	sung by Consort SW1	Radcliffe Responses
Sunday, 29th August 2021	3.00pm	Evensong	Quire	sung by Consort SW1	Stanford in A
Sunday, 29th August 2021	3.00pm	Evensong	Quire	sung by Consort SW1	Harris Faire is the heaven
Sunday, 29th August 2021	3.00pm	Evensong	Quire	sung by Consort SW1	Saint-Saëns Fantaisie I in E flat
Thursday, 2nd September 2021	5.00pm	Evensong	Quire	sung by the Lay Vicars	Tallis Why fumeth in fight
Thursday, 2nd September 2021	5.00pm	Evensong	Quire	sung by the Lay Vicars	plainsong Responses
Thursday, 2nd September 2021	5.00pm	Evensong	Quire	sung by the Lay Vicars	Soriano Magnificat primi toni
Thursday, 2nd September 2021	5.00pm	Evensong	Quire	sung by the Lay Vicars	Tye Nunc dimittis
Thursday, 2nd September 2021	5.00pm	Evensong	Quire	sung by the Lay Vicars	White The Lord bless us and keep us
Saturday, 4th September 2021	3.00pm	Evensong	Quire	sung by the Lay Vicars	Sheppard I give you a new commandment
Saturday, 4th September 2021	3.00pm	Evensong	Quire	sung by the Lay Vicars	Byrd and Quinney Responses
Saturday, 4th September 2021	3.00pm	Evensong	Quire	sung by the Lay Vicars	Morales Magnificat secundi toni
Saturday, 4th September 2021	3.00pm	Evensong	Quire	sung by the Lay Vicars	Ortiz Nunc dimittis tertii toni
Saturday, 4th September 2021	3.00pm	Evensong	Quire	sung by the Lay Vicars	Parsons Credo quod Redemptor meus vivit
Sunday, 5th September 2021	11.00am	Matins	Quire	attended in Civic State by The Lord Mayor of Westminster; sung by the Westminster Abbey Special Service Choir	arr Tippett Steal away (A Child of Our Time)
Sunday, 5th September 2021	11.00am	Matins	Quire	attended in Civic State by The Lord Mayor of Westminster; sung by the Westminster Abbey Special Service Choir	Smith Responses
Sunday, 5th September 2021	11.00am	Matins	Quire	attended in Civic State by The Lord Mayor of Westminster; sung by the Westminster Abbey Special Service Choir	Stanford Te Deum in B flat
Sunday, 5th September 2021	11.00am	Matins	Quire	attended in Civic State by The Lord Mayor of Westminster; sung by the Westminster Abbey Special Service Choir	Britten Jubilate Deo in C
Sunday, 5th September 2021	11.00am	Matins	Quire	attended in Civic State by The Lord Mayor of Westminster; sung by the Westminster Abbey Special Service Choir	arr Tippett Deep river (A Child of Our Time)
Sunday, 5th September 2021	11.00am	Matins	Quire	attended in Civic State by The Lord Mayor of Westminster; sung by the Westminster Abbey Special Service Choir	Boëllmann Toccata (Suite gothique)
Sunday, 5th September 2021	3.00pm	Evensong	Quire	sung by the Lay Vicars	Sheppard I give you a new commandment
Sunday, 5th September 2021	3.00pm	Evensong	Quire	sung by the Lay Vicars	Byrd and Quinney Responses
Sunday, 5th September 2021	3.00pm	Evensong	Quire	sung by the Lay Vicars	Parsons First Service
Sunday, 5th September 2021	3.00pm	Evensong	Quire	sung by the Lay Vicars	Sheppard The Lord's Prayer
Sunday, 5th September 2021	3.00pm	Evensong	Quire	sung by the Lay Vicars	Buxtehude Toccata in F BuxWV 156
Monday, 6th September 2021	5.00pm	Evensong	Quire	sung by the Lay Vicars	Tallis A new commandment
Monday, 6th September 2021	5.00pm	Evensong	Quire	sung by the Lay Vicars	plainsong Responses
Monday, 6th September 2021	5.00pm	Evensong	Quire	sung by the Lay Vicars	Palestrina Magnificat quarti toni 
Monday, 6th September 2021	5.00pm	Evensong	Quire	sung by the Lay Vicars	Vento Nunc dimittis quarti toni
Monday, 6th September 2021	5.00pm	Evensong	Quire	sung by the Lay Vicars	Byrd Teach me, O Lord
Tuesday, 7th September 2021	5.00pm	Evensong	Quire	sung by the Lay Vicars	Tallis A new commandment
Tuesday, 7th September 2021	5.00pm	Evensong	Quire	sung by the Lay Vicars	plainsong Responses
Tuesday, 7th September 2021	5.00pm	Evensong	Quire	sung by the Lay Vicars	Soriano Magnificat septimi toni 
Tuesday, 7th September 2021	5.00pm	Evensong	Quire	sung by the Lay Vicars	Viadana Nunc dimittis tertii toni
Tuesday, 7th September 2021	5.00pm	Evensong	Quire	sung by the Lay Vicars	Byrd Unto the hills mine eyes I lift 
Thursday, 9th September 2021	5.00pm	Evensong	Quire	sung by the Choir of Westminster Abbey	Farrant Lord, for thy tender mercy's sake
Thursday, 9th September 2021	5.00pm	Evensong	Quire	sung by the Choir of Westminster Abbey	Byrd Responses
Thursday, 9th September 2021	5.00pm	Evensong	Quire	sung by the Choir of Westminster Abbey	Byrd Second Service
Thursday, 9th September 2021	5.00pm	Evensong	Quire	sung by the Choir of Westminster Abbey	Parsons Ave Maria
Saturday, 11th September 2021	3.00pm	Evensong	Quire	sung by the Choir of Westminster Abbey	Farrant Lord, for thy tender mercy's sake
Saturday, 11th September 2021	3.00pm	Evensong	Quire	sung by the Choir of Westminster Abbey	Byrd Responses
Saturday, 11th September 2021	3.00pm	Evensong	Quire	sung by the Choir of Westminster Abbey	Purcell in G minor
Saturday, 11th September 2021	3.00pm	Evensong	Quire	sung by the Choir of Westminster Abbey	Gibbons Great Lord of lords
Saturday, 11th September 2021	3.00pm	Evensong	Quire	sung by the Choir of Westminster Abbey	Purcell Voluntary in A on the 100th Psalm Z721
Sunday, 12th September 2021	11.15am	Sung Eucharist	Quire	sung by the Choir of Westminster Abbey	Mozart Missa in C 'Spatzenmesse' K220
Sunday, 12th September 2021	11.15am	Sung Eucharist	Quire	sung by the Choir of Westminster Abbey	Gibbons Hosanna to the Son of David
Sunday, 12th September 2021	11.15am	Sung Eucharist	Quire	sung by the Choir of Westminster Abbey	Bach Prelude and Fugue in C BWV 547
Sunday, 12th September 2021	3.00pm	Evensong	Quire	sung by the Choir of Westminster Abbey	Mendelssohn Herr Gott, du bist unsre Zuflucht
Sunday, 12th September 2021	3.00pm	Evensong	Quire	sung by the Choir of Westminster Abbey	Byrd Responses
Sunday, 12th September 2021	3.00pm	Evensong	Quire	sung by the Choir of Westminster Abbey	Noble in B minor
Sunday, 12th September 2021	3.00pm	Evensong	Quire	sung by the Choir of Westminster Abbey	Gardiner Evening Hymn
Sunday, 12th September 2021	3.00pm	Evensong	Quire	sung by the Choir of Westminster Abbey	Stanford Fantasia and Toccata in D minor Op 57
Monday, 13th September 2021	5.00pm	Evensong	Quire	sung by the Choristers	plainsong Lucis Creator optime
Monday, 13th September 2021	5.00pm	Evensong	Quire	sung by the Choristers	plainsong Responses
Monday, 13th September 2021	5.00pm	Evensong	Quire	sung by the Choristers	plainsong Magnificat quarti toni
Monday, 13th September 2021	5.00pm	Evensong	Quire	sung by the Choristers	plainsong Nunc dimittis quinti toni
Monday, 13th September 2021	5.00pm	Evensong	Quire	sung by the Choristers	Handel How beautiful are the feet (Messiah)
Thursday, 16th September 2021	5.00pm	Evensong	Quire	sung by the Choir of Westminster Abbey	Pitoni Cantate Domino
Thursday, 16th September 2021	5.00pm	Evensong	Quire	sung by the Choir of Westminster Abbey	Radcliffe Responses
Thursday, 16th September 2021	5.00pm	Evensong	Quire	sung by the Choir of Westminster Abbey	Wood in E flat no 2
Thursday, 16th September 2021	5.00pm	Evensong	Quire	sung by the Choir of Westminster Abbey	Hooper Behold, it is Christ
Friday, 17th September 2021	5.00pm	Evensong	Quire	sung by the Choristers	plainsong Responses
Friday, 17th September 2021	5.00pm	Evensong	Quire	sung by the Choristers	plainsong Magnificat on the 8th tone
Friday, 17th September 2021	5.00pm	Evensong	Quire	sung by the Choristers	plainsong Nunc dimittis on the 1st tone
Friday, 17th September 2021	5.00pm	Evensong	Quire	sung by the Choristers	Mendelssohn Lift thine eyes (Elijah Op 70)
Saturday, 18th September 2021	3.00pm	Evensong	Quire	sung by the Choir of Westminster Abbey	Pitoni Cantate Domino
Saturday, 18th September 2021	3.00pm	Evensong	Quire	sung by the Choir of Westminster Abbey	Radcliffe Responses
Saturday, 18th September 2021	3.00pm	Evensong	Quire	sung by the Choir of Westminster Abbey	Marenzio Magnificat octavi toni
Saturday, 18th September 2021	3.00pm	Evensong	Quire	sung by the Choir of Westminster Abbey	Victoria Nunc dimittis tertii toni
Saturday, 18th September 2021	3.00pm	Evensong	Quire	sung by the Choir of Westminster Abbey	Mendelssohn I waited for the Lord
Sunday, 19th September 2021	3.00pm	Evensong with installation of Sacrist and admission of Choristers	Quire	sung by the Choir of Westminster Abbey	Pitoni Cantate Domino
Sunday, 19th September 2021	3.00pm	Evensong with installation of Sacrist and admission of Choristers	Quire	sung by the Choir of Westminster Abbey	Radcliffe Responses
Sunday, 19th September 2021	3.00pm	Evensong with installation of Sacrist and admission of Choristers	Quire	sung by the Choir of Westminster Abbey	Stanford in A
Sunday, 19th September 2021	3.00pm	Evensong with installation of Sacrist and admission of Choristers	Quire	sung by the Choir of Westminster Abbey	Brahms Wie lieblich sind deine Wohnungen (A German Requiem)
Sunday, 19th September 2021	3.00pm	Evensong with installation of Sacrist and admission of Choristers	Quire	sung by the Choir of Westminster Abbey	Stanford Postlude in D minor Op 105 no 6
Monday, 20th September 2021	5.00pm	Evensong	Quire	sung by the Lay Vicars	plainsong Lucis Creator optime
Monday, 20th September 2021	5.00pm	Evensong	Quire	sung by the Lay Vicars	plainsong Responses
Monday, 20th September 2021	5.00pm	Evensong	Quire	sung by the Lay Vicars	Morales Magnificat primi toni
Monday, 20th September 2021	5.00pm	Evensong	Quire	sung by the Lay Vicars	Reid Nunc dimittis tertii toni
Monday, 20th September 2021	5.00pm	Evensong	Quire	sung by the Lay Vicars	Morales Ecce virgo concipiet
Tuesday, 21st September 2021	5.00pm	Evensong	Quire	sung by the Choir of Westminster Abbey	Batten O praise the Lord
Tuesday, 21st September 2021	5.00pm	Evensong	Quire	sung by the Choir of Westminster Abbey	Morley Responses
Tuesday, 21st September 2021	5.00pm	Evensong	Quire	sung by the Choir of Westminster Abbey	Tomkins Fifth Service
Tuesday, 21st September 2021	5.00pm	Evensong	Quire	sung by the Choir of Westminster Abbey	Viadana Exsultate justi in Domino
Thursday, 23rd September 2021	5.00pm	Evensong with installation of Deputy Receiver General	Quire	sung by the Choir of Westminster Abbey	Batten O praise the Lord
Thursday, 23rd September 2021	5.00pm	Evensong with installation of Deputy Receiver General	Quire	sung by the Choir of Westminster Abbey	Morley Responses
Thursday, 23rd September 2021	5.00pm	Evensong with installation of Deputy Receiver General	Quire	sung by the Choir of Westminster Abbey	Blow in F
Thursday, 23rd September 2021	5.00pm	Evensong with installation of Deputy Receiver General	Quire	sung by the Choir of Westminster Abbey	Palestrina Exaltabo te Domine
Friday, 24th September 2021	5.00pm	Evensong	Quire	sung by the Choristers	plainsong Te lucis ante terminum
Friday, 24th September 2021	5.00pm	Evensong	Quire	sung by the Choristers	plainsong Responses
Friday, 24th September 2021	5.00pm	Evensong	Quire	sung by the Choristers	plainsong Magnificat on the seventh tone
Friday, 24th September 2021	5.00pm	Evensong	Quire	sung by the Choristers	plainsong Nunc dimittis on the third tone
Friday, 24th September 2021	5.00pm	Evensong	Quire	sung by the Choristers	Mendelssohn If with all your hearts (Elijah Op 70)
Saturday, 25th September 2021	3.00pm	Evensong	Quire	sung by the Choir of Westminster Abbey	Batten O praise the Lord
Saturday, 25th September 2021	3.00pm	Evensong	Quire	sung by the Choir of Westminster Abbey	Morley Responses
Saturday, 25th September 2021	3.00pm	Evensong	Quire	sung by the Choir of Westminster Abbey	Weelkes Service 'for trebles'
Saturday, 25th September 2021	3.00pm	Evensong	Quire	sung by the Choir of Westminster Abbey	Berkeley The Lord is my shepherd
Saturday, 25th September 2021	3.00pm	Evensong	Quire	sung by the Choir of Westminster Abbey	Franck Cantabile (Trois pièces)
Sunday, 26th September 2021	11.15am	Sung Eucharist	Quire	sung by the Choir of Westminster Abbey	Martin Mass for Double Choir
Sunday, 26th September 2021	11.15am	Sung Eucharist	Quire	sung by the Choir of Westminster Abbey	Palestrina Sicut cervus
Sunday, 26th September 2021	11.15am	Sung Eucharist	Quire	sung by the Choir of Westminster Abbey	Bach Prelude in E flat BWV 552i
Sunday, 26th September 2021	3.00pm	Evensong with Installation of a Lay Vicar	Quire	sung by the Choir of Westminster Abbey	Batten O praise the Lord
Sunday, 26th September 2021	3.00pm	Evensong with Installation of a Lay Vicar	Quire	sung by the Choir of Westminster Abbey	Morley Responses
Sunday, 26th September 2021	3.00pm	Evensong with Installation of a Lay Vicar	Quire	sung by the Choir of Westminster Abbey	Stanford in G
Sunday, 26th September 2021	3.00pm	Evensong with Installation of a Lay Vicar	Quire	sung by the Choir of Westminster Abbey	Brahms Geistliches Lied
Sunday, 26th September 2021	3.00pm	Evensong with Installation of a Lay Vicar	Quire	sung by the Choir of Westminster Abbey	Messiaen Joie et clarté des corps glorieux (Les corps glorieux)
Monday, 27th September 2021	5.00pm	Evensong	Quire	sung by the Choristers	plainsong Te lucis ante terminum
Monday, 27th September 2021	5.00pm	Evensong	Quire	sung by the Choristers	plainsong Responses
Monday, 27th September 2021	5.00pm	Evensong	Quire	sung by the Choristers	Quinney Short Service
Monday, 27th September 2021	5.00pm	Evensong	Quire	sung by the Choristers	Vaughan Williams The Call
Tuesday, 28th September 2021	5.00pm	First Evensong of St Michael and All Angels	Quire	sung by the Choir of Westminster Abbey	Tallis O nata lux de lumine
Tuesday, 28th September 2021	5.00pm	First Evensong of St Michael and All Angels	Quire	sung by the Choir of Westminster Abbey	Smith Responses
Tuesday, 28th September 2021	5.00pm	First Evensong of St Michael and All Angels	Quire	sung by the Choir of Westminster Abbey	Stanford in B flat
Tuesday, 28th September 2021	5.00pm	First Evensong of St Michael and All Angels	Quire	sung by the Choir of Westminster Abbey	Dering Factum est silentium
Wednesday, 29th September 2021	5.00pm	Sung Eucharist	Quire	sung by the Choir of Westminster Abbey	Martin Mass for Double Choir
Wednesday, 29th September 2021	5.00pm	Sung Eucharist	Quire	sung by the Choir of Westminster Abbey	Tippett Plebs angelica
Wednesday, 29th September 2021	5.00pm	Sung Eucharist	Quire	sung by the Choir of Westminster Abbey	Bach Toccata in C BWV 564i
Friday, 1st October 2021	5.00pm	Evensong	Quire	attended by HE The High Commissioner for Cyprus; sung by the Choristers	plainsong Lucis Creator optimeplainsong Responsesplainsong Magnificat on the fourth toneplainsong Nunc dimittis on the eighth toneHurford Litany to the Holy Spirit
Saturday, 2nd October 2021	3.00pm	Evensong	Quire	sung by the Choir of Westminster Abbey	Clucas Keep me as the apple of an eye
Saturday, 2nd October 2021	3.00pm	Evensong	Quire	sung by the Choir of Westminster Abbey	Smith Responses
Saturday, 2nd October 2021	3.00pm	Evensong	Quire	sung by the Choir of Westminster Abbey	Dyson in F
Saturday, 2nd October 2021	3.00pm	Evensong	Quire	sung by the Choir of Westminster Abbey	MacMillan A New Song
Saturday, 2nd October 2021	3.00pm	Evensong	Quire	sung by the Choir of Westminster Abbey	MacMillan Toccata
Sunday, 3rd October 2021	11.15am	Sung Eucharist	Quire	sung by the Choir of Westminster Abbey	Byrd Mass for Four Voices
Sunday, 3rd October 2021	11.15am	Sung Eucharist	Quire	sung by the Choir of Westminster Abbey	Byrd Ave verum corpus
Sunday, 3rd October 2021	11.15am	Sung Eucharist	Quire	sung by the Choir of Westminster Abbey	Byrd Fantasia in A minor
Sunday, 3rd October 2021	3.00pm	Evensong	Quire	sung by the Choir of Westminster Abbey	Clucas Keep me as the apple of an eye
Sunday, 3rd October 2021	3.00pm	Evensong	Quire	sung by the Choir of Westminster Abbey	Smith Responses
Sunday, 3rd October 2021	3.00pm	Evensong	Quire	sung by the Choir of Westminster Abbey	Dyson in D
Sunday, 3rd October 2021	3.00pm	Evensong	Quire	sung by the Choir of Westminster Abbey	Elgar Give unto the Lord
Sunday, 3rd October 2021	3.00pm	Evensong	Quire	sung by the Choir of Westminster Abbey	Elgar Presto (Sonata in G Op 28)
Tuesday, 5th October 2021	5.00pm	Evensong	Quire	sung by the Choir of Westminster Abbey	Clucas Keep me as the apple of an eye
Tuesday, 5th October 2021	5.00pm	Evensong	Quire	sung by the Choir of Westminster Abbey	Smith Responses
Tuesday, 5th October 2021	5.00pm	Evensong	Quire	sung by the Choir of Westminster Abbey	Morley First Service
Tuesday, 5th October 2021	5.00pm	Evensong	Quire	sung by the Choir of Westminster Abbey	Philips Ave Jesu Christe
Thursday, 7th October 2021	5.00pm	Evensong	Quire	sung by the Choir of Westminster Abbey; attended by a representative of the High Commissioner for Lesotho	Clucas Keep me as the apple of an eye
Thursday, 7th October 2021	5.00pm	Evensong	Quire	sung by the Choir of Westminster Abbey; attended by a representative of the High Commissioner for Lesotho	Smith Responses
Thursday, 7th October 2021	5.00pm	Evensong	Quire	sung by the Choir of Westminster Abbey; attended by a representative of the High Commissioner for Lesotho	Watson in E
Thursday, 7th October 2021	5.00pm	Evensong	Quire	sung by the Choir of Westminster Abbey; attended by a representative of the High Commissioner for Lesotho	Parry My soul, there is a country
Friday, 8th October 2021	5.00pm	Evensong	Quire	sung by the Choristers	plainsong O lux beata Trinitas
Friday, 8th October 2021	5.00pm	Evensong	Quire	sung by the Choristers	plainsong Responses
Friday, 8th October 2021	5.00pm	Evensong	Quire	sung by the Choristers	Magnificat tone II
Friday, 8th October 2021	5.00pm	Evensong	Quire	sung by the Choristers	Nunc dimittis tone V
Friday, 8th October 2021	5.00pm	Evensong	Quire	sung by the Choristers	Stanford A Song of Wisdom
Saturday, 9th October 2021	3.00pm	Evensong	Quire	part of the Chorister Experience Day; sung by the Choir of Westminster Abbey	Hurford Litany to the Holy Spirit
Saturday, 9th October 2021	3.00pm	Evensong	Quire	part of the Chorister Experience Day; sung by the Choir of Westminster Abbey	Tomkins Responses
Saturday, 9th October 2021	3.00pm	Evensong	Quire	part of the Chorister Experience Day; sung by the Choir of Westminster Abbey	Sumsion in G
Saturday, 9th October 2021	3.00pm	Evensong	Quire	part of the Chorister Experience Day; sung by the Choir of Westminster Abbey	Stanford O for a closer walk with God
Saturday, 9th October 2021	3.00pm	Evensong	Quire	part of the Chorister Experience Day; sung by the Choir of Westminster Abbey	Mendelssohn Allegro maestoso (Sonata in B flat, Op 65 no 4)
Sunday, 10th October 2021	11.15am	Sung Eucharist	Quire	attended by The Queen's Scholars of Westminster School; sung by the Choir of Westminster Abbey	Rheinberger Mass in E flat
Sunday, 10th October 2021	11.15am	Sung Eucharist	Quire	attended by The Queen's Scholars of Westminster School; sung by the Choir of Westminster Abbey	Guerrero O sacrum convivium
Sunday, 10th October 2021	3.00pm	Evensong	Quire	sung by the Choir of Westminster Abbey	Bairstow Jesu the very thought of thee
Sunday, 10th October 2021	3.00pm	Evensong	Quire	sung by the Choir of Westminster Abbey	Tomkins Responses
Sunday, 10th October 2021	3.00pm	Evensong	Quire	sung by the Choir of Westminster Abbey	Howells Gloucester Service
Sunday, 10th October 2021	3.00pm	Evensong	Quire	sung by the Choir of Westminster Abbey	Leighton Let all the world
Sunday, 10th October 2021	3.00pm	Evensong	Quire	sung by the Choir of Westminster Abbey	Howells Rhapsody in D flat, Op 17 no 1
Monday, 11th October 2021	5.00pm	Evensong	Quire	sung by the Choristers; attended by HE The High Commissioner for Uganda	plainsong Iste confessor Domini
Monday, 11th October 2021	5.00pm	Evensong	Quire	sung by the Choristers; attended by HE The High Commissioner for Uganda	plainsong Responses
Monday, 11th October 2021	5.00pm	Evensong	Quire	sung by the Choristers; attended by HE The High Commissioner for Uganda	plainsong Magnificat on the fourth tone
Monday, 11th October 2021	5.00pm	Evensong	Quire	sung by the Choristers; attended by HE The High Commissioner for Uganda	Burgon Nunc dimittis
Monday, 11th October 2021	5.00pm	Evensong	Quire	sung by the Choristers; attended by HE The High Commissioner for Uganda	Harris King of glory, King of peace
Wednesday, 13th October 2021	5.00pm	Sung Eucharist	Quire	sung by the Choir of Westminster Abbey	Vaughan Williams Mass in G minor
Wednesday, 13th October 2021	5.00pm	Sung Eucharist	Quire	sung by the Choir of Westminster Abbey	Stanford Beati quorum via
Wednesday, 13th October 2021	5.00pm	Sung Eucharist	Quire	sung by the Choir of Westminster Abbey	Guilmant March on a theme of Handel, Op 15 no 2
Friday, 15th October 2021	5.00pm	Evensong	Quire	sung by the Choir of Westminster Abbey and Lay Clerks of Westminster Cathedral	plainsong Iste confessor Domini
Friday, 15th October 2021	5.00pm	Evensong	Quire	sung by the Choir of Westminster Abbey and Lay Clerks of Westminster Cathedral	Tomkins Responses
Friday, 15th October 2021	5.00pm	Evensong	Quire	sung by the Choir of Westminster Abbey and Lay Clerks of Westminster Cathedral	Palestrina Magnificat primi toni 
Friday, 15th October 2021	5.00pm	Evensong	Quire	sung by the Choir of Westminster Abbey and Lay Clerks of Westminster Cathedral	Victoria Nunc dimittis tertii toni
Friday, 15th October 2021	5.00pm	Evensong	Quire	sung by the Choir of Westminster Abbey and Lay Clerks of Westminster Cathedral	MacMillan A New Song
Friday, 15th October 2021	5.00pm	Evensong	Quire	sung by the Choir of Westminster Abbey and Lay Clerks of Westminster Cathedral	Widor Allegro (Symphonie VI)
Saturday, 16th October 2021	11.30am	Festival Eucharist	Quire	sung by a cantor	Thorne Mass of St Thomas
Saturday, 16th October 2021	3.00pm	First Evensong of the Dedication of Westminster Abbey	Quire	sung by the Choir of Westminster Abbey	Bruckner Locus iste
Saturday, 16th October 2021	3.00pm	First Evensong of the Dedication of Westminster Abbey	Quire	sung by the Choir of Westminster Abbey	Rose Responses
Saturday, 16th October 2021	3.00pm	First Evensong of the Dedication of Westminster Abbey	Quire	sung by the Choir of Westminster Abbey	Howells Collegium Regale
Saturday, 16th October 2021	3.00pm	First Evensong of the Dedication of Westminster Abbey	Quire	sung by the Choir of Westminster Abbey	Howells Te Deum (Collegium Regale)
Saturday, 16th October 2021	3.00pm	First Evensong of the Dedication of Westminster Abbey	Quire	sung by the Choir of Westminster Abbey	Messiaen Apparition de l’église éternelle
Sunday, 17th October 2021	11.15am	Sung Eucharist	Quire	sung by the Choir of Westminster Abbey	Langlais Messe solennelle
Sunday, 17th October 2021	11.15am	Sung Eucharist	Quire	sung by the Choir of Westminster Abbey	Parry I was glad
Sunday, 17th October 2021	11.15am	Sung Eucharist	Quire	sung by the Choir of Westminster Abbey	Messiaen O sacrum convivium
Sunday, 17th October 2021	11.15am	Sung Eucharist	Quire	sung by the Choir of Westminster Abbey	Demessieux Te Deum Op 11
Sunday, 17th October 2021	3.00pm	Evensong	Quire	attended by the Lord Mayor of Westminster and the Mayors of the London Boroughs; sung by the Choir of Westminster Abbey	Bruckner Locus iste
Sunday, 17th October 2021	3.00pm	Evensong	Quire	attended by the Lord Mayor of Westminster and the Mayors of the London Boroughs; sung by the Choir of Westminster Abbey	Rose Responses
Sunday, 17th October 2021	3.00pm	Evensong	Quire	attended by the Lord Mayor of Westminster and the Mayors of the London Boroughs; sung by the Choir of Westminster Abbey	Walton Chichester Service
Sunday, 17th October 2021	3.00pm	Evensong	Quire	attended by the Lord Mayor of Westminster and the Mayors of the London Boroughs; sung by the Choir of Westminster Abbey	Bairstow Blessed city, heavenly Salem
Sunday, 17th October 2021	3.00pm	Evensong	Quire	attended by the Lord Mayor of Westminster and the Mayors of the London Boroughs; sung by the Choir of Westminster Abbey	Willan Urbs Jerusalem beata
Tuesday, 19th October 2021	5.00pm	Evensong	Quire	sung by the Lay Vicars; attended by HE The High Commissioner for Fiji	Poulenc Ô mes très chers frères
Tuesday, 19th October 2021	5.00pm	Evensong	Quire	sung by the Lay Vicars; attended by HE The High Commissioner for Fiji	plainsong Responses
Tuesday, 19th October 2021	5.00pm	Evensong	Quire	sung by the Lay Vicars; attended by HE The High Commissioner for Fiji	Clucas Westminster Service
Tuesday, 19th October 2021	5.00pm	Evensong	Quire	sung by the Lay Vicars; attended by HE The High Commissioner for Fiji	Fauré Cantique de Jean Racine
Thursday, 21st October 2021	5.00pm	Evensong	Quire	sung by the Lay Vicars	Poulenc Ô mes très chers frères
Thursday, 21st October 2021	5.00pm	Evensong	Quire	sung by the Lay Vicars	plainsong Responses
Thursday, 21st October 2021	5.00pm	Evensong	Quire	sung by the Lay Vicars	Tye Short Service
Thursday, 21st October 2021	5.00pm	Evensong	Quire	sung by the Lay Vicars	White Christe, qui lux es et dies
Saturday, 23rd October 2021	3.00pm	Evensong	Quire	sung by the Lay Vicars	Poulenc Ô mes très chers frères
Saturday, 23rd October 2021	3.00pm	Evensong	Quire	sung by the Lay Vicars	Moore Responses
Saturday, 23rd October 2021	3.00pm	Evensong	Quire	sung by the Lay Vicars	Moore First Service
Saturday, 23rd October 2021	3.00pm	Evensong	Quire	sung by the Lay Vicars	Martin Circumdederunt me
Saturday, 23rd October 2021	3.00pm	Evensong	Quire	sung by the Lay Vicars	Alain Première Fantaisie JA 72
Sunday, 24th October 2021	11.15am	Sung Eucharist	Quire	sung by the Lay Vicars	Palestrina Missa sine nomine a 6
Sunday, 24th October 2021	11.15am	Sung Eucharist	Quire	sung by the Lay Vicars	Guerrero Caro mea
Sunday, 24th October 2021	11.15am	Sung Eucharist	Quire	sung by the Lay Vicars	Buxtehude Praeludium in D minor BuxWV 140
Sunday, 24th October 2021	3.00pm	Evensong	Quire	sung by the Lay Vicars	Poulenc Ô mes très chers frères 
Sunday, 24th October 2021	3.00pm	Evensong	Quire	sung by the Lay Vicars	Moore Responses
Sunday, 24th October 2021	3.00pm	Evensong	Quire	sung by the Lay Vicars	Howells in E
Sunday, 24th October 2021	3.00pm	Evensong	Quire	sung by the Lay Vicars	Howells My eyes for beauty pine
Sunday, 24th October 2021	3.00pm	Evensong	Quire	sung by the Lay Vicars	Harris Maestoso (Sonata in A minor)
Tuesday, 26th October 2021	5.00pm	Evensong	Quire	sung by the Lay Vicars; attended by HE The High Commissioner for St Vincent and the Grenadines	Mundy A new commandment give I unto you
Tuesday, 26th October 2021	5.00pm	Evensong	Quire	sung by the Lay Vicars; attended by HE The High Commissioner for St Vincent and the Grenadines	plainsong Responses
Tuesday, 26th October 2021	5.00pm	Evensong	Quire	sung by the Lay Vicars; attended by HE The High Commissioner for St Vincent and the Grenadines	Mundy Service in four parts
Tuesday, 26th October 2021	5.00pm	Evensong	Quire	sung by the Lay Vicars; attended by HE The High Commissioner for St Vincent and the Grenadines	Parsons Benedictus
Thursday, 28th October 2021	5.00pm	Evensong	Quire	sung by the Choir of Westminster Abbey; attended by the Deputy High Commissioner for Zambia	Viadana Exsultate justi in Domino
Thursday, 28th October 2021	5.00pm	Evensong	Quire	sung by the Choir of Westminster Abbey; attended by the Deputy High Commissioner for Zambia	Ayleward Responses
Thursday, 28th October 2021	5.00pm	Evensong	Quire	sung by the Choir of Westminster Abbey; attended by the Deputy High Commissioner for Zambia	Tallis Magnificat and Nunc dimittis octavi toni
Thursday, 28th October 2021	5.00pm	Evensong	Quire	sung by the Choir of Westminster Abbey; attended by the Deputy High Commissioner for Zambia	Tallis Loquebantur variis linguis
Friday, 29th October 2021	5.00pm	Evensong	Quire	sung by the Choristers; attended by HE The High Commissioner for Antigua and Barbuda	plainsong Te lucis ante terminum
Friday, 29th October 2021	5.00pm	Evensong	Quire	sung by the Choristers; attended by HE The High Commissioner for Antigua and Barbuda	plainsong Responses
Friday, 29th October 2021	5.00pm	Evensong	Quire	sung by the Choristers; attended by HE The High Commissioner for Antigua and Barbuda	Magnificat tone II
Friday, 29th October 2021	5.00pm	Evensong	Quire	sung by the Choristers; attended by HE The High Commissioner for Antigua and Barbuda	Nunc dimittis tone III
Friday, 29th October 2021	5.00pm	Evensong	Quire	sung by the Choristers; attended by HE The High Commissioner for Antigua and Barbuda	Purcell An Evening Hymn
Saturday, 30th October 2021	3.00pm	Evensong	Quire	sung by the Choir of Westminster Abbey	Weelkes All people clap your hands
Saturday, 30th October 2021	3.00pm	Evensong	Quire	sung by the Choir of Westminster Abbey	Ayleward Responses
Saturday, 30th October 2021	3.00pm	Evensong	Quire	sung by the Choir of Westminster Abbey	Wood Collegium Regale
Saturday, 30th October 2021	3.00pm	Evensong	Quire	sung by the Choir of Westminster Abbey	Britten Te Deum in C
Saturday, 30th October 2021	3.00pm	Evensong	Quire	sung by the Choir of Westminster Abbey	Vierne Final (Symphonie III Op 28)
Sunday, 31st October 2021	11.15am	Sung Eucharist	Quire	sung by the Choir of Westminster Abbey	Victoria Missa O quam gloriosum
Sunday, 31st October 2021	11.15am	Sung Eucharist	Quire	sung by the Choir of Westminster Abbey	Tallis O salutaris hostia
Sunday, 31st October 2021	11.15am	Sung Eucharist	Quire	sung by the Choir of Westminster Abbey	Bach Fugue in C BWV 564iii
Sunday, 31st October 2021	3.00pm	First Evensong of All Saints' Day	Quire	sung by the Choir of Westminster Abbey	Victoria O quam gloriosum
Sunday, 31st October 2021	3.00pm	First Evensong of All Saints' Day	Quire	sung by the Choir of Westminster Abbey	Ayleward Responses
Sunday, 31st October 2021	3.00pm	First Evensong of All Saints' Day	Quire	sung by the Choir of Westminster Abbey	Praetorius Magnificat quinti toni
Sunday, 31st October 2021	3.00pm	First Evensong of All Saints' Day	Quire	sung by the Choir of Westminster Abbey	Holst Nunc dimittis
Sunday, 31st October 2021	3.00pm	First Evensong of All Saints' Day	Quire	sung by the Choir of Westminster Abbey	Bruckner Os justi
Sunday, 31st October 2021	3.00pm	First Evensong of All Saints' Day	Quire	sung by the Choir of Westminster Abbey	Böhm Praeludium in C
Monday, 1st November 2021	5.00pm	Sung Eucharist	Quire	sung by the Choristers	Britten Missa brevis in D Op 63
Monday, 1st November 2021	5.00pm	Sung Eucharist	Quire	sung by the Choristers	Fauré Ave verum corpus
Monday, 1st November 2021	5.00pm	Sung Eucharist	Quire	sung by the Choristers	Dupré Placare Christe servulis (Le tombeau de Titelouze Op 38)
Tuesday, 2nd November 2021	5.00pm	Sung Eucharist	Quire	sung by the Choir of Westminster Abbey	Duruflé Requiem Op 9
Thursday, 4th November 2021	5.00pm	Evensong	Quire	sung by the Choir of Westminster Abbey; attended by the Acting High Commissioner for Dominica	Rachmaninoff To thee, O Lord
Thursday, 4th November 2021	5.00pm	Evensong	Quire	sung by the Choir of Westminster Abbey; attended by the Acting High Commissioner for Dominica	Martin Responses
Thursday, 4th November 2021	5.00pm	Evensong	Quire	sung by the Choir of Westminster Abbey; attended by the Acting High Commissioner for Dominica	Brewer in D
Thursday, 4th November 2021	5.00pm	Evensong	Quire	sung by the Choir of Westminster Abbey; attended by the Acting High Commissioner for Dominica	Wood O thou, the central orb
Friday, 5th November 2021	5.00pm	Evensong	Quire	sung by the Choristers	plainsong O lux beata Trinitas
Friday, 5th November 2021	5.00pm	Evensong	Quire	sung by the Choristers	plainsong Responses
Friday, 5th November 2021	5.00pm	Evensong	Quire	sung by the Choristers	plainsong Magnificat tone III
Friday, 5th November 2021	5.00pm	Evensong	Quire	sung by the Choristers	plainsong Nunc dimittis tone V
Friday, 5th November 2021	5.00pm	Evensong	Quire	sung by the Choristers	Mawby Thy word is a lamp to my feet
Saturday, 6th November 2021	3.00pm	Evensong	Quire	sung by the Choir of Westminster Abbey	Rachmaninoff To thee, O Lord
Saturday, 6th November 2021	3.00pm	Evensong	Quire	sung by the Choir of Westminster Abbey	Martin Responses
Saturday, 6th November 2021	3.00pm	Evensong	Quire	sung by the Choir of Westminster Abbey	Leighton Magdalen College Service
Saturday, 6th November 2021	3.00pm	Evensong	Quire	sung by the Choir of Westminster Abbey	Howells Like as the hart
Saturday, 6th November 2021	3.00pm	Evensong	Quire	sung by the Choir of Westminster Abbey	Jackson Diversion for Mixture Op 25
Sunday, 7th November 2021	11.15am	Sung Eucharist	Quire	sung by the Choir of Westminster Abbey	Tye Missa Euge bone
Sunday, 7th November 2021	11.15am	Sung Eucharist	Quire	sung by the Choir of Westminster Abbey	Tallis O sacrum convivium
Sunday, 7th November 2021	11.15am	Sung Eucharist	Quire	sung by the Choir of Westminster Abbey	Buxtehude Praeludium in G minor BuxWV 148
Sunday, 7th November 2021	3.00pm	Evensong	Quire	sung by the Choir of Westminster Abbey	Rachmaninoff To thee, O Lord
Sunday, 7th November 2021	3.00pm	Evensong	Quire	sung by the Choir of Westminster Abbey	Martin Responses
Sunday, 7th November 2021	3.00pm	Evensong	Quire	sung by the Choir of Westminster Abbey	Schütz Deutsches Magnificat
Sunday, 7th November 2021	3.00pm	Evensong	Quire	sung by the Choir of Westminster Abbey	Wood Nunc dimittis in B flat
Sunday, 7th November 2021	3.00pm	Evensong	Quire	sung by the Choir of Westminster Abbey	Schütz Jauchzet dem Herren
Sunday, 7th November 2021	3.00pm	Evensong	Quire	sung by the Choir of Westminster Abbey	Bruhns Praeludium in E minor
Tuesday, 9th November 2021	5.00pm	Evensong	Quire	marking the 50th anniversary of the current Abbey bells; sung by the Choir of Westminster Abbey	Loosemore O Lord, increase my faith
Tuesday, 9th November 2021	5.00pm	Evensong	Quire	marking the 50th anniversary of the current Abbey bells; sung by the Choir of Westminster Abbey	Rose Responses
Tuesday, 9th November 2021	5.00pm	Evensong	Quire	marking the 50th anniversary of the current Abbey bells; sung by the Choir of Westminster Abbey	Tomkins Fourth Service
Tuesday, 9th November 2021	5.00pm	Evensong	Quire	marking the 50th anniversary of the current Abbey bells; sung by the Choir of Westminster Abbey	Gibbons O clap your hands together
Thursday, 11th November 2021	5.00pm	Evensong	Quire	sung by the Choir of Westminster Abbey	Loosemore O Lord, increase my faith
Thursday, 11th November 2021	5.00pm	Evensong	Quire	sung by the Choir of Westminster Abbey	Rose Responses
Thursday, 11th November 2021	5.00pm	Evensong	Quire	sung by the Choir of Westminster Abbey	Ireland in F
Thursday, 11th November 2021	5.00pm	Evensong	Quire	sung by the Choir of Westminster Abbey	Ireland Greater Love Hath No Man
Friday, 12th November 2021	5.00pm	Evensong	Quire	sung by the Choristers	plainsong Te lucis ante terminum
Friday, 12th November 2021	5.00pm	Evensong	Quire	sung by the Choristers	plainsong Responses
Friday, 12th November 2021	5.00pm	Evensong	Quire	sung by the Choristers	Magnificat tone VIII
Friday, 12th November 2021	5.00pm	Evensong	Quire	sung by the Choristers	Nunc dimittis tone V
Friday, 12th November 2021	5.00pm	Evensong	Quire	sung by the Choristers	Vaughan Williams The Song of the Tree of Life
Saturday, 13th November 2021	3.00pm	Evensong	Quire	sung by the Choir of Westminster Abbey	Loosemore O Lord increase my faith
Saturday, 13th November 2021	3.00pm	Evensong	Quire	sung by the Choir of Westminster Abbey	Rose Responses
Saturday, 13th November 2021	3.00pm	Evensong	Quire	sung by the Choir of Westminster Abbey	Howells St Paul's Service
Saturday, 13th November 2021	3.00pm	Evensong	Quire	sung by the Choir of Westminster Abbey	Stanford Justorum animae
Saturday, 13th November 2021	3.00pm	Evensong	Quire	sung by the Choir of Westminster Abbey	Elgar arr Grace Solemn Prelude ‘In memoriam’  (For the Fallen Op 80)
Sunday, 14th November 2021	3.00pm	Evensong	Quire	sung by the Choir of Westminster Abbey	Loosemore O Lord, increase my faith
Sunday, 14th November 2021	3.00pm	Evensong	Quire	sung by the Choir of Westminster Abbey	Rose Responses
Sunday, 14th November 2021	3.00pm	Evensong	Quire	sung by the Choir of Westminster Abbey	Gray in F minor
Sunday, 14th November 2021	3.00pm	Evensong	Quire	sung by the Choir of Westminster Abbey	Howells Take him, earth, for cherishing
Sunday, 14th November 2021	3.00pm	Evensong	Quire	sung by the Choir of Westminster Abbey	Bach Fantasia in C minor BWV 562i
Monday, 15th November 2021	5.00pm	Evensong	Quire	sung by the Choristers	plainsong Lucis Creator optime
Monday, 15th November 2021	5.00pm	Evensong	Quire	sung by the Choristers	plainsong Responses
Monday, 15th November 2021	5.00pm	Evensong	Quire	sung by the Choristers	Dyson in C minor
Monday, 15th November 2021	5.00pm	Evensong	Quire	sung by the Choristers	Duruflé Pie Jesu (Requiem Op 9)
Tuesday, 16th November 2021	5.00pm	Evensong	Quire	sung by the Lay Vicars	Byrd Look down, O Lord
Tuesday, 16th November 2021	5.00pm	Evensong	Quire	sung by the Lay Vicars	plainsong Responses
Tuesday, 16th November 2021	5.00pm	Evensong	Quire	sung by the Lay Vicars	Sumsion in G
Tuesday, 16th November 2021	5.00pm	Evensong	Quire	sung by the Lay Vicars	Walker I will lift up mine eyes
Thursday, 18th November 2021	5.00pm	Evensong	Quire	sung by the Choir of Westminster Abbey	Weelkes All people, clap your hands
Thursday, 18th November 2021	5.00pm	Evensong	Quire	sung by the Choir of Westminster Abbey	Radcliffe Responses
Thursday, 18th November 2021	5.00pm	Evensong	Quire	sung by the Choir of Westminster Abbey	Stanford in C
Thursday, 18th November 2021	5.00pm	Evensong	Quire	sung by the Choir of Westminster Abbey	Wood Hail, gladddening light
Friday, 19th November 2021	5.00pm	Evensong	Quire	sung by the Choristers	plainsong Te lucis ante terminum
Friday, 19th November 2021	5.00pm	Evensong	Quire	sung by the Choristers	plainsong Responses
Friday, 19th November 2021	5.00pm	Evensong	Quire	sung by the Choristers	Magnificat tone I
Friday, 19th November 2021	5.00pm	Evensong	Quire	sung by the Choristers	Nunc dimittis tone II
Friday, 19th November 2021	5.00pm	Evensong	Quire	sung by the Choristers	Parry Long since in Egypt's plenteous land
Saturday, 20th November 2021	3.00pm	First Evensong of Christ the King	Quire	sung by the Lay Vicars	Tallis Why fum'th in fight
Saturday, 20th November 2021	3.00pm	First Evensong of Christ the King	Quire	sung by the Lay Vicars	Byrd and Quinney Responses
Saturday, 20th November 2021	3.00pm	First Evensong of Christ the King	Quire	sung by the Lay Vicars	Wood in E
Saturday, 20th November 2021	3.00pm	First Evensong of Christ the King	Quire	sung by the Lay Vicars	Wood Great Lord of lords
Sunday, 21st November 2021	11.15am	Sung Eucharist	Quire	sung by the Lay Vicars	Guerrero Missa Simile est regnum caelorum
Sunday, 21st November 2021	11.15am	Sung Eucharist	Quire	sung by the Lay Vicars	Palestrina Rex pacificus magnificatus est
Sunday, 21st November 2021	11.15am	Sung Eucharist	Quire	sung by the Lay Vicars	Gigout Grand choeur dialogué
Sunday, 21st November 2021	3.00pm	Evensong	Quire	sung by the Lay Vicars	Tallis Why fum'th in fight
Sunday, 21st November 2021	3.00pm	Evensong	Quire	sung by the Lay Vicars	Byrd and Quinney Responses
Sunday, 21st November 2021	3.00pm	Evensong	Quire	sung by the Lay Vicars	Ives Westminster Service
Sunday, 21st November 2021	3.00pm	Evensong	Quire	sung by the Lay Vicars	Jackson In all his works
Sunday, 21st November 2021	3.00pm	Evensong	Quire	sung by the Lay Vicars	Whitlock Fanfare (Four Extemporisations)
Tuesday, 23rd November 2021	5.00pm	Evensong	Quire	sung by the Choir of Westminster Abbey	Barcrofte O almighty God
Tuesday, 23rd November 2021	5.00pm	Evensong	Quire	sung by the Choir of Westminster Abbey	Radcliffe Responses
Tuesday, 23rd November 2021	5.00pm	Evensong	Quire	sung by the Choir of Westminster Abbey	Tomkins Fifth Service
Tuesday, 23rd November 2021	5.00pm	Evensong	Quire	sung by the Choir of Westminster Abbey	Byrd Teach me, O Lord
Thursday, 25th November 2021	5.00pm	Evensong	Quire	sung by the Choir of Westminster Abbey	Barcrofte O almighty God
Thursday, 25th November 2021	5.00pm	Evensong	Quire	sung by the Choir of Westminster Abbey	Radcliffe Responses
Thursday, 25th November 2021	5.00pm	Evensong	Quire	sung by the Choir of Westminster Abbey	Murrill in E
Thursday, 25th November 2021	5.00pm	Evensong	Quire	sung by the Choir of Westminster Abbey	Byrd Sing joyfully
Friday, 26th November 2021	5.00pm	Evensong	Quire	sung by the Choristers	plainsong Lucis Creator optime
Friday, 26th November 2021	5.00pm	Evensong	Quire	sung by the Choristers	plainsong Responses
Friday, 26th November 2021	5.00pm	Evensong	Quire	sung by the Choristers	Magnificat tone IV
Friday, 26th November 2021	5.00pm	Evensong	Quire	sung by the Choristers	Nunc dimittis tone V
Friday, 26th November 2021	5.00pm	Evensong	Quire	sung by the Choristers	Mendelssohn Lift thine eyes
Saturday, 27th November 2021	3.00pm	Evensong	Quire	sung by the Choir of Westminster Abbey	Barcrofte O almighty God
Saturday, 27th November 2021	3.00pm	Evensong	Quire	sung by the Choir of Westminster Abbey	Radcliffe Responses
Saturday, 27th November 2021	3.00pm	Evensong	Quire	sung by the Choir of Westminster Abbey	Mathias Jesus College Service
Saturday, 27th November 2021	3.00pm	Evensong	Quire	sung by the Choir of Westminster Abbey	Britten A Hymn of St Columba
Saturday, 27th November 2021	3.00pm	Evensong	Quire	sung by the Choir of Westminster Abbey	Eben Moto ostinato (Sunday Music)
Sunday, 28th November 2021	11.15am	Sung Eucharist	Quire	sung by the Choir of Westminster Abbey	Byrd Mass for four voices
Sunday, 28th November 2021	11.15am	Sung Eucharist	Quire	sung by the Choir of Westminster Abbey	Victoria Ecce Dominus veniet
Sunday, 28th November 2021	11.15am	Sung Eucharist	Quire	sung by the Choir of Westminster Abbey	Widor Moderato (Symphonie gothique Op 70)
Thursday, 2nd December 2021	5.00pm	Evensong	Quire	sung by the Choir of Westminster Abbey	Clucas Wake, O wake!
Thursday, 2nd December 2021	5.00pm	Evensong	Quire	sung by the Choir of Westminster Abbey	Leighton Responses
Thursday, 2nd December 2021	5.00pm	Evensong	Quire	sung by the Choir of Westminster Abbey	Blow in F
Thursday, 2nd December 2021	5.00pm	Evensong	Quire	sung by the Choir of Westminster Abbey	Purcell O God, thou art my God
Friday, 3rd December 2021	5.00pm	Evensong	Quire	sung by the Choristers	plainsong Conditor alme siderum
Friday, 3rd December 2021	5.00pm	Evensong	Quire	sung by the Choristers	plainsong Responses
Friday, 3rd December 2021	5.00pm	Evensong	Quire	sung by the Choristers	Magnificat tone VIII
Friday, 3rd December 2021	5.00pm	Evensong	Quire	sung by the Choristers	Nunc dimittis tone I
Friday, 3rd December 2021	5.00pm	Evensong	Quire	sung by the Choristers	Mendelssohn Veni Domine (Drei Motetten Op 39)
Saturday, 4th December 2021	3.00pm	Evensong	Quire	sung by the Choir of Westminster Abbey	Clucas Wake, O wake!
Saturday, 4th December 2021	3.00pm	Evensong	Quire	sung by the Choir of Westminster Abbey	Leighton Responses
Saturday, 4th December 2021	3.00pm	Evensong	Quire	sung by the Choir of Westminster Abbey	Byrd Great Service
Saturday, 4th December 2021	3.00pm	Evensong	Quire	sung by the Choir of Westminster Abbey	Byrd Vigilate
Saturday, 4th December 2021	3.00pm	Evensong	Quire	sung by the Choir of Westminster Abbey	Bach Wachet auf, ruft uns die Stimme BWV 645
Sunday, 5th December 2021	11.15am	Sung Eucharist	Quire	sung by the Choir of Westminster Abbey	Vaughan Williams Mass in G minor
Sunday, 5th December 2021	11.15am	Sung Eucharist	Quire	sung by the Choir of Westminster Abbey	Bruckner Virga Jesse
Sunday, 5th December 2021	11.15am	Sung Eucharist	Quire	sung by the Choir of Westminster Abbey	Bach Fantasia and Fugue in G minor BWV 542
Sunday, 5th December 2021	3.00pm	Evensong	Quire	sung by the Choir of Westminster Abbey	Clucas Wake, O wake!
Sunday, 5th December 2021	3.00pm	Evensong	Quire	sung by the Choir of Westminster Abbey	Leighton Responses
Sunday, 5th December 2021	3.00pm	Evensong	Quire	sung by the Choir of Westminster Abbey	Wesley in E
Sunday, 5th December 2021	3.00pm	Evensong	Quire	sung by the Choir of Westminster Abbey	Elgar Benedictus in F
Sunday, 5th December 2021	3.00pm	Evensong	Quire	sung by the Choir of Westminster Abbey	Dupré Le monde dans l'attente du Sauveur (Symphonie-Passion Op 23)
Monday, 6th December 2021	5.00pm	Evensong	Quire	sung by the Choristers	plainsong Conditor alme siderum
Monday, 6th December 2021	5.00pm	Evensong	Quire	sung by the Choristers	plainsong Responses
Monday, 6th December 2021	5.00pm	Evensong	Quire	sung by the Choristers	Martin Westminster Service
Monday, 6th December 2021	5.00pm	Evensong	Quire	sung by the Choristers	Britten There is no rose (A Ceremony of Carols)
Tuesday, 7th December 2021	5.00pm	Evensong	Quire	sung by the Choir of Westminster Abbey	Clucas Prepare ye the way of the Lord
Tuesday, 7th December 2021	5.00pm	Evensong	Quire	sung by the Choir of Westminster Abbey	Morley Responses
Tuesday, 7th December 2021	5.00pm	Evensong	Quire	sung by the Choir of Westminster Abbey	Purcell in G minor
Tuesday, 7th December 2021	5.00pm	Evensong	Quire	sung by the Choir of Westminster Abbey	Purcell O Lord God of hosts
Thursday, 9th December 2021	5.00pm	Evensong	Quire	sung by the Lay Vicars	Dufay Conditor alme siderum
Thursday, 9th December 2021	5.00pm	Evensong	Quire	sung by the Lay Vicars	plainsong Responses
Thursday, 9th December 2021	5.00pm	Evensong	Quire	sung by the Lay Vicars	Mundy Service in three parts 
Thursday, 9th December 2021	5.00pm	Evensong	Quire	sung by the Lay Vicars	Mundy Sive vigilem
Friday, 10th December 2021	5.00pm	Evensong	Quire	sung by the Choristers; attended by HE The High Commissioner for Kenya	plainsong Conditor alme siderum
Friday, 10th December 2021	5.00pm	Evensong	Quire	sung by the Choristers; attended by HE The High Commissioner for Kenya	plainsong Responses
Friday, 10th December 2021	5.00pm	Evensong	Quire	sung by the Choristers; attended by HE The High Commissioner for Kenya	Magnificat tone VII
Friday, 10th December 2021	5.00pm	Evensong	Quire	sung by the Choristers; attended by HE The High Commissioner for Kenya	Nunc dimittis tone VIII
Friday, 10th December 2021	5.00pm	Evensong	Quire	sung by the Choristers; attended by HE The High Commissioner for Kenya	Britten As Dew in April (A Ceremony of Carols)
Saturday, 11th December 2021	3.00pm	Evensong	Quire	sung by the Choir of Westminster Abbey	Clucas Prepare ye the way of the Lord
Saturday, 11th December 2021	3.00pm	Evensong	Quire	sung by the Choir of Westminster Abbey	Morley Responses
Saturday, 11th December 2021	3.00pm	Evensong	Quire	sung by the Choir of Westminster Abbey	Leighton Second Service
Saturday, 11th December 2021	3.00pm	Evensong	Quire	sung by the Choir of Westminster Abbey	Martin A Song of the New Jerusalem
Saturday, 11th December 2021	3.00pm	Evensong	Quire	sung by the Choir of Westminster Abbey	Dupré Prelude and Fugue in F minor Op 7 no 2
Sunday, 12th December 2021	11.15am	Sung Eucharist	Quire	sung by the Choir of Westminster Abbey	Mozart Missa brevis in D K194
Sunday, 12th December 2021	11.15am	Sung Eucharist	Quire	sung by the Choir of Westminster Abbey	Bairstow Let all mortal flesh keep silence
Sunday, 12th December 2021	11.15am	Sung Eucharist	Quire	sung by the Choir of Westminster Abbey	Bach Nun freut euch, liebe Christen, gemein BWV 734
Sunday, 12th December 2021	3.00pm	Evensong	Quire	sung by the Choir of Westminster Abbey	Clucas Prepare ye the way of the Lord
Sunday, 12th December 2021	3.00pm	Evensong	Quire	sung by the Choir of Westminster Abbey	Morley Responses
Sunday, 12th December 2021	3.00pm	Evensong	Quire	sung by the Choir of Westminster Abbey	Palestrina Magnificat primi toni
Sunday, 12th December 2021	3.00pm	Evensong	Quire	sung by the Choir of Westminster Abbey	Gabrieli Nunc dimittis a 14
Sunday, 12th December 2021	3.00pm	Evensong	Quire	sung by the Choir of Westminster Abbey	Gibbons This is the record of John
Sunday, 12th December 2021	3.00pm	Evensong	Quire	sung by the Choir of Westminster Abbey	Reger Wachet auf, ruft uns die Stimme Op 67 no 43
Saturday, 18th December 2021	3.00pm	Evensong	Quire	sung by the Lay Vicars	plainsong O Adonaï
Saturday, 18th December 2021	3.00pm	Evensong	Quire	sung by the Lay Vicars	Tallis Responses
Saturday, 18th December 2021	3.00pm	Evensong	Quire	sung by the Lay Vicars	Guerrero Magnificat secundi toni
Saturday, 18th December 2021	3.00pm	Evensong	Quire	sung by the Lay Vicars	plainsong Nunc dimittis
Saturday, 18th December 2021	3.00pm	Evensong	Quire	sung by the Lay Vicars	Pärt O Adonai
Saturday, 18th December 2021	3.00pm	Evensong	Quire	sung by the Lay Vicars	Bach Fugue on the Magnificat BWV 733
Sunday, 19th December 2021	11.15am	Sung Eucharist	Quire	sung by the Choir of Westminster Abbey	Palestrina Missa Ecce ego Joannes
Sunday, 19th December 2021	11.15am	Sung Eucharist	Quire	sung by the Choir of Westminster Abbey	Martin O Oriens
Sunday, 19th December 2021	11.15am	Sung Eucharist	Quire	sung by the Choir of Westminster Abbey	Buxtehude Magnificat primi toni BuxWV 203
Sunday, 19th December 2021	3.00pm	Evensong	Quire	sung by the Lay Vicars	plainsong O Root of Jesse
Sunday, 19th December 2021	3.00pm	Evensong	Quire	sung by the Lay Vicars	Tallis Responses
Sunday, 19th December 2021	3.00pm	Evensong	Quire	sung by the Lay Vicars	Victoria Magnificat sexti toni a 12
Sunday, 19th December 2021	3.00pm	Evensong	Quire	sung by the Lay Vicars	Quinney Nunc dimittis tertii toni
Sunday, 19th December 2021	3.00pm	Evensong	Quire	sung by the Lay Vicars	Palestrina Canite tuba in Sion
Sunday, 19th December 2021	3.00pm	Evensong	Quire	sung by the Lay Vicars	Peeters Toccata, Fugue, et Hymne sur Ave Maris Stella Op 28
Monday, 20th December 2021	5.00pm	Evensong	Quire	sung by the Choristers	plainsong O Key of David
Monday, 20th December 2021	5.00pm	Evensong	Quire	sung by the Choristers	plainsong Responses
Monday, 20th December 2021	5.00pm	Evensong	Quire	sung by the Choristers	Quinney Magnificat (Short Service)
Monday, 20th December 2021	5.00pm	Evensong	Quire	sung by the Choristers	Burgon Nunc dimittis
Monday, 20th December 2021	5.00pm	Evensong	Quire	sung by the Choristers	Mendelssohn Veni Domine (Drei Motetten Op 39)
Tuesday, 21st December 2021	5.00pm	Evensong	Quire	sung by the Choristers	plainsong O Dayspring
Tuesday, 21st December 2021	5.00pm	Evensong	Quire	sung by the Choristers	plainsong Responses
Tuesday, 21st December 2021	5.00pm	Evensong	Quire	sung by the Choristers	Robinson in C
Tuesday, 21st December 2021	5.00pm	Evensong	Quire	sung by the Choristers	Hadley I sing of a maiden
Friday, 24th December 2021	11.00pm	First Eucharist of Christmas (Midnight Mass)	Quire	sung by the Choir of Westminster Abbey	Mozart Coronation Mass K317
Friday, 24th December 2021	11.00pm	First Eucharist of Christmas (Midnight Mass)	Quire	sung by the Choir of Westminster Abbey	Scheidt Puer natus in Bethlehem
Friday, 24th December 2021	11.00pm	First Eucharist of Christmas (Midnight Mass)	Quire	sung by the Choir of Westminster Abbey	Dering Quem vidistis pastores
Friday, 24th December 2021	11.00pm	First Eucharist of Christmas (Midnight Mass)	Quire	sung by the Choir of Westminster Abbey	Messiaen Dieu parmi nous (La Nativité du Seigneur)
Saturday, 25th December 2021	11.15am	Sung Eucharist	Quire	sung by the Choir of Westminster Abbey	Palestrina Missa Hodie Christus natus est
Saturday, 25th December 2021	11.15am	Sung Eucharist	Quire	sung by the Choir of Westminster Abbey	Poulenc Hodie Christus natus est
Saturday, 25th December 2021	11.15am	Sung Eucharist	Quire	sung by the Choir of Westminster Abbey	Sheppard Verbum caro factum est
Saturday, 25th December 2021	11.15am	Sung Eucharist	Quire	sung by the Choir of Westminster Abbey	Widor Final (Symphonie VI Op 42 no 2)
Sunday, 26th December 2021	11.15am	Sung Eucharist	Quire	sung by a cantor	plainsong Missa IX Cum jubilo
Sunday, 26th December 2021	11.15am	Sung Eucharist	Quire	sung by a cantor	Warlock Bethlehem Down
Sunday, 26th December 2021	11.15am	Sung Eucharist	Quire	sung by a cantor	Bach Pièce d'orgue BWV 572
Sunday, 26th December 2021	3.00pm	Evensong	Quire	sung by the St Stephen Chorale	Smith Responses
Sunday, 26th December 2021	3.00pm	Evensong	Quire	sung by the St Stephen Chorale	Stanford in C
Sunday, 26th December 2021	3.00pm	Evensong	Quire	sung by the St Stephen Chorale	Berlioz L'Adieu des Bergers (L'Enfance du Christ)
Sunday, 26th December 2021	3.00pm	Evensong	Quire	sung by the St Stephen Chorale	Vierne Final (Symphonie I)
